ssc_percentage,hsc_percentage,cgpa,backlogs,programming_skill,projects,internship,aptitude_score,communication_skills,mock_interviews,branch_CE,branch_CSE,branch_ECE,branch_EE,branch_ME,placed
-1.5199295539485536,1.102225799521701,0.5223883616821079,-0.5298096970953858,-1.5621040068874026,0.9222211187635337,-0.7812208126592922,0.45446118037857675,1.5437363791441934,0.0025382202706893814,-0.5015620156764883,2.044834259850677,-0.5015620156764883,-0.4968730149821545,-0.5109149126021805,1
1.556584884255296,-1.3187448665829822,1.141844958995479,-0.5298096970953858,-0.8742554789757326,-0.8456148916457962,1.2800478223256477,0.04285865601979531,-1.3005499020979872,0.3198157541068618,-0.5015620156764883,-0.48903718977841476,-0.5015620156764883,-0.4968730149821545,1.9572730709832327,1
0.41221607273109323,-1.502668616911845,0.0572285871977197,-0.5298096970953858,1.1892901047592777,0.9222211187635337,1.2800478223256477,-1.184741829718391,0.4771290236783756,-1.2665719150740002,-0.5015620156764883,-0.48903718977841476,-0.5015620156764883,2.0125866566448884,-0.5109149126021805,1
-1.5804373123124662,-0.3286796291872841,-0.6981753022665992,-0.5298096970953858,-1.2181797429315677,-1.4348935617822394,-0.7812208126592922,1.3303850949624598,-1.3005499020979872,-0.6320168474016554,-0.5015620156764883,-0.48903718977841476,-0.5015620156764883,2.0125866566448884,-0.5109149126021805,0
1.4541166489071249,-1.297482118190254,1.6895029066693674,2.7205565427536076,-0.5303312150198976,-0.25633622150935287,1.2800478223256477,1.6688284236753523,1.5437363791441934,0.6370932879430342,-0.5015620156764883,-0.48903718977841476,-0.5015620156764883,-0.4968730149821545,1.9572730709832327,1
0.607214021357463,-0.7973347456317664,-0.7950892583718538,-0.5298096970953858,0.5014415768476076,-0.8456148916457962,-0.7812208126592922,1.2514241056527589,-0.9450141169427145,-0.6320168474016554,-0.5015620156764883,-0.48903718977841476,-0.5015620156764883,-0.4968730149821545,1.9572730709832327,0
1.1816995691309222,1.0647367261039224,1.6407983502397543,-0.5298096970953858,-1.5621040068874026,-0.8456148916457962,-0.7812208126592922,0.23382645670990568,-1.6560856872532597,0.3198157541068618,1.9937713956493237,-0.48903718977841476,-0.5015620156764883,-0.4968730149821545,-0.5109149126021805,1
0.9361555681490344,-0.3954599346491374,-0.2745907567033641,-0.5298096970953858,0.8453658408034426,1.511499788899977,-0.7812208126592922,-0.1439233566073514,0.12159323852310308,1.271648355615379,-0.5015620156764883,-0.48903718977841476,-0.5015620156764883,-0.4968730149821545,1.9572730709832327,0
-0.4688644681582763,0.5519566393718611,-0.0346961999549309,-0.5298096970953858,1.5332143687151127,0.9222211187635337,1.2800478223256477,0.431261224783997,-0.589478331787442,-0.6320168474016554,-0.5015620156764883,2.044834259850677,-0.5015620156764883,-0.4968730149821545,-0.5109149126021805,1
0.16143993537863008,0.4687206720821128,-0.6220922770096056,-0.5298096970953858,0.8453658408034426,-0.8456148916457962,-0.7812208126592922,1.2553316910448409,-1.6560856872532597,0.3198157541068618,-0.5015620156764883,-0.48903718977841476,-0.5015620156764883,2.0125866566448884,-0.5109149126021805,1
0.17959280844635864,0.7894878318860762,0.9770888522539428,-0.5298096970953858,-0.8742554789757326,0.9222211187635337,1.2800478223256477,1.8053618586622793,-0.23394254663216946,-1.5838494489101727,-0.5015620156764883,2.044834259850677,-0.5015620156764883,-0.4968730149821545,-0.5109149126021805,1
-0.8167171173704274,-0.5451515082306445,0.13213156826059988,1.6371011294706097,-1.2181797429315677,0.9222211187635337,-0.7812208126592922,-1.5941373119442692,-1.3005499020979872,0.0025382202706893814,-0.5015620156764883,2.044834259850677,-0.5015620156764883,-0.4968730149821545,-0.5109149126021805,0
-1.6020590829911558,-1.4176870707389484,1.3751973653792504,-0.5298096970953858,-0.18640695106406252,-0.25633622150935287,-0.7812208126592922,-0.6657047759502048,-0.9450141169427145,-1.5838494489101727,1.9937713956493237,-0.48903718977841476,-0.5015620156764883,-0.4968730149821545,-0.5109149126021805,1
-0.49077959740380234,1.5801449392039089,-1.4009159088689356,-0.5298096970953858,0.1575173128917725,0.33294244862709044,1.2800478223256477,0.3810934627115009,1.1882005939889206,0.9543708217792066,1.9937713956493237,-0.48903718977841476,-0.5015620156764883,-0.4968730149821545,-0.5109149126021805,1
-1.2420791450567297,1.4721783989956008,-0.2956721938791312,-0.5298096970953858,-0.18640695106406252,0.9222211187635337,-0.7812208126592922,1.8150272223920456,-1.6560856872532597,1.271648355615379,-0.5015620156764883,2.044834259850677,-0.5015620156764883,-0.4968730149821545,-0.5109149126021805,1
0.9164300333509273,0.7265502666522309,-1.5243961774106036,0.5536457161876118,1.5332143687151127,0.9222211187635337,1.2800478223256477,-0.2914875738843599,-0.23394254663216946,0.0025382202706893814,-0.5015620156764883,-0.48903718977841476,-0.5015620156764883,-0.4968730149821545,1.9572730709832327,1
-1.3304305240122993,1.661191824348002,0.3626022210359082,-0.5298096970953858,-0.18640695106406252,0.9222211187635337,-0.7812208126592922,-1.6728995914959048,-1.6560856872532597,0.3198157541068618,-0.5015620156764883,-0.48903718977841476,-0.5015620156764883,-0.4968730149821545,1.9572730709832327,1
1.242341658474133,0.37539925051935213,-1.3336808593177887,-0.5298096970953858,-0.18640695106406252,0.33294244862709044,1.2800478223256477,0.6755591172137444,-1.6560856872532597,-0.9492943812378278,-0.5015620156764883,-0.48903718977841476,-0.5015620156764883,2.0125866566448884,-0.5109149126021805,1
-0.5083686521441707,-0.4762181974558405,-0.9509569236795682,-0.5298096970953858,0.5014415768476076,-1.4348935617822394,-0.7812208126592922,-0.32455186492126387,-0.23394254663216946,0.9543708217792066,-0.5015620156764883,-0.48903718977841476,-0.5015620156764883,-0.4968730149821545,1.9572730709832327,0
-0.8069279237815512,0.3854581552459385,-1.6688649316134994,-0.5298096970953858,0.5014415768476076,0.33294244862709044,1.2800478223256477,-1.1514675225350162,0.4771290236783756,0.0025382202706893814,-0.5015620156764883,-0.48903718977841476,-0.5015620156764883,2.0125866566448884,-0.5109149126021805,0
1.663048173355549,1.246223566567752,-0.3627546627694115,-0.5298096970953858,-0.18640695106406252,0.9222211187635337,1.2800478223256477,-0.09675551922385951,-0.23394254663216946,1.5889258894515514,1.9937713956493237,-0.48903718977841476,-0.5015620156764883,-0.4968730149821545,-0.5109149126021805,1
-0.4501027553632418,-1.2885292463437217,1.5155762856448138,-0.5298096970953858,0.8453658408034426,0.9222211187635337,1.2800478223256477,-0.13526373803945418,0.8326648088336482,0.6370932879430342,1.9937713956493237,-0.48903718977841476,-0.5015620156764883,-0.4968730149821545,-0.5109149126021805,1
-0.7808196436179348,1.4849210854336976,-1.6425644408781315,1.6371011294706097,-0.18640695106406252,0.33294244862709044,1.2800478223256477,0.261707249385695,-1.3005499020979872,-1.5838494489101727,1.9937713956493237,-0.48903718977841476,-0.5015620156764883,-0.4968730149821545,-0.5109149126021805,0
-1.0459289131245668,-1.6632709123611373,-1.447981571649297,-0.5298096970953858,0.5014415768476076,0.33294244862709044,-0.7812208126592922,0.5720684262480358,-1.3005499020979872,-0.9492943812378278,-0.5015620156764883,-0.48903718977841476,-0.5015620156764883,-0.4968730149821545,1.9572730709832327,0
-0.6750504287895862,0.3731226593119225,0.12628291531950994,-0.5298096970953858,0.8453658408034426,0.33294244862709044,1.2800478223256477,-0.6108290039004584,-0.23394254663216946,0.0025382202706893814,-0.5015620156764883,-0.48903718977841476,-0.5015620156764883,2.0125866566448884,-0.5109149126021805,0
0.8278925581457212,1.2529921142585656,1.3900474712706075,-0.5298096970953858,-0.18640695106406252,0.33294244862709044,-0.7812208126592922,-0.7462897836280247,-0.589478331787442,-1.2665719150740002,-0.5015620156764883,-0.48903718977841476,-0.5015620156764883,2.0125866566448884,-0.5109149126021805,1
0.43792984957605646,1.561100182622415,-1.4243027910917123,1.6371011294706097,-0.5303312150198976,-0.8456148916457962,-0.7812208126592922,0.8812869054412724,-0.9450141169427145,1.271648355615379,-0.5015620156764883,-0.48903718977841476,1.9937713956493237,-0.4968730149821545,-0.5109149126021805,0
0.044109900426972264,1.2327405611516298,0.46016198793658863,-0.5298096970953858,0.8453658408034426,0.33294244862709044,-0.7812208126592922,0.6729731499244067,0.12159323852310308,-0.6320168474016554,-0.5015620156764883,2.044834259850677,-0.5015620156764883,-0.4968730149821545,-0.5109149126021805,1
-0.235733095224255,0.817399680058777,0.06919951982855903,0.5536457161876118,-1.2181797429315677,1.511499788899977,-0.7812208126592922,1.120717962052918,1.1882005939889206,0.6370932879430342,1.9937713956493237,-0.48903718977841476,-0.5015620156764883,-0.4968730149821545,-0.5109149126021805,1
1.2308273931923988,-1.115818922165467,0.8194381685530033,-0.5298096970953858,1.5332143687151127,1.511499788899977,1.2800478223256477,-0.476172136491876,1.5437363791441934,0.0025382202706893814,-0.5015620156764883,-0.48903718977841476,1.9937713956493237,-0.4968730149821545,-0.5109149126021805,1
-0.3142279667889677,0.807033899562709,1.5121390794215146,-0.5298096970953858,-0.18640695106406252,-0.25633622150935287,1.2800478223256477,-1.2668926091043626,-0.589478331787442,-0.314739313565483,-0.5015620156764883,-0.48903718977841476,1.9937713956493237,-0.4968730149821545,-0.5109149126021805,1
-0.4427620807124986,0.8367163169245436,-1.2759171186971738,-0.5298096970953858,-0.18640695106406252,-0.8456148916457962,-0.7812208126592922,-0.5078332246948296,0.8326648088336482,0.9543708217792066,-0.5015620156764883,2.044834259850677,-0.5015620156764883,-0.4968730149821545,-0.5109149126021805,0
0.7037612631454394,-1.3244872866755932,1.2896650056089194,-0.5298096970953858,0.5014415768476076,1.511499788899977,-0.7812208126592922,-1.18383433186666,-1.3005499020979872,1.5889258894515514,1.9937713956493237,-0.48903718977841476,-0.5015620156764883,-0.4968730149821545,-0.5109149126021805,1
1.5728692546451715,-1.4083599901700183,0.4752379302663161,-0.5298096970953858,-0.18640695106406252,0.33294244862709044,1.2800478223256477,1.3380015994919758,-0.9450141169427145,-1.2665719150740002,-0.5015620156764883,-0.48903718977841476,-0.5015620156764883,2.0125866566448884,-0.5109149126021805,1
1.570694236079826,-1.3232620237070412,1.6163615032047534,-0.5298096970953858,0.1575173128917725,1.511499788899977,1.2800478223256477,0.512733618975808,1.1882005939889206,0.3198157541068618,-0.5015620156764883,-0.48903718977841476,-0.5015620156764883,2.0125866566448884,-0.5109149126021805,1
-1.095006861549009,0.30561369541937533,0.21658618248166012,-0.5298096970953858,-0.18640695106406252,1.511499788899977,-0.7812208126592922,-1.4923648541770091,0.8326648088336482,0.3198157541068618,-0.5015620156764883,-0.48903718977841476,1.9937713956493237,-0.4968730149821545,-0.5109149126021805,0
0.042400378434828336,-0.9487026789131844,-1.5635725465199755,-0.5298096970953858,-0.5303312150198976,0.33294244862709044,-0.7812208126592922,-1.1939855928397058,-1.6560856872532597,0.6370932879430342,-0.5015620156764883,-0.48903718977841476,-0.5015620156764883,-0.4968730149821545,1.9572730709832327,0
-0.3457669945615652,-0.42180100831000494,1.638803816196863,-0.5298096970953858,0.1575173128917725,0.9222211187635337,-0.7812208126592922,0.28458808365954286,-0.589478331787442,-0.314739313565483,-0.5015620156764883,-0.48903718977841476,-0.5015620156764883,-0.4968730149821545,1.9572730709832327,1
1.4047047450498202,-0.5517469271384472,0.5793799892772856,2.7205565427536076,1.1892901047592777,-1.4348935617822394,1.2800478223256477,-1.2082338871888525,-0.23394254663216946,-0.9492943812378278,-0.5015620156764883,-0.48903718977841476,-0.5015620156764883,-0.4968730149821545,1.9572730709832327,0
-1.2814901274864063,1.67549071300104,0.6339618427231916,-0.5298096970953858,1.5332143687151127,-1.4348935617822394,-0.7812208126592922,-1.2577229525410383,1.1882005939889206,0.0025382202706893814,-0.5015620156764883,-0.48903718977841476,-0.5015620156764883,-0.4968730149821545,1.9572730709832327,1
0.37125060555064027,0.7711432689198587,-0.8703423105240526,-0.5298096970953858,-0.18640695106406252,1.511499788899977,-0.7812208126592922,1.5044190399723623,-0.589478331787442,-0.9492943812378278,-0.5015620156764883,-0.48903718977841476,-0.5015620156764883,-0.4968730149821545,1.9572730709832327,1
0.3978629621997644,-0.06291562146059679,0.8174693064533369,-0.5298096970953858,-1.2181797429315677,0.33294244862709044,1.2800478223256477,1.3894658278014944,1.1882005939889206,0.9543708217792066,-0.5015620156764883,-0.48903718977841476,1.9937713956493237,-0.4968730149821545,-0.5109149126021805,1
-1.524147976882165,-1.065728360213483,0.4274508260994356,1.6371011294706097,1.1892901047592777,-0.25633622150935287,1.2800478223256477,0.6426795440786512,-0.9450141169427145,-1.5838494489101727,-0.5015620156764883,-0.48903718977841476,-0.5015620156764883,2.0125866566448884,-0.5109149126021805,0
1.4803279820644204,-1.6946392783739797,-1.0749297578107597,-0.5298096970953858,-1.2181797429315677,-1.4348935617822394,-0.7812208126592922,-1.192551426218089,1.1882005939889206,1.5889258894515514,-0.5015620156764883,-0.48903718977841476,-0.5015620156764883,2.0125866566448884,-0.5109149126021805,0
0.08919374940410796,0.7090362950943166,-1.4295069121949318,-0.5298096970953858,-0.5303312150198976,0.33294244862709044,-0.7812208126592922,-1.0164195471177087,-0.9450141169427145,-0.6320168474016554,-0.5015620156764883,-0.48903718977841476,-0.5015620156764883,-0.4968730149821545,1.9572730709832327,0
-1.4153733509629507,-1.2091386459499085,1.6560000595536597,-0.5298096970953858,-1.5621040068874026,1.511499788899977,1.2800478223256477,1.4036665763276632,-1.6560856872532597,-1.2665719150740002,-0.5015620156764883,-0.48903718977841476,-0.5015620156764883,2.0125866566448884,-0.5109149126021805,1
-1.1892988685861012,-0.1790055339742525,0.34604880048582826,-0.5298096970953858,-0.18640695106406252,0.9222211187635337,1.2800478223256477,1.6228180827582859,1.5437363791441934,0.3198157541068618,1.9937713956493237,-0.48903718977841476,-0.5015620156764883,-0.4968730149821545,-0.5109149126021805,1
-1.4254259057125815,0.5911099637335824,-0.176114650388633,-0.5298096970953858,-1.2181797429315677,-1.4348935617822394,-0.7812208126592922,0.9201205674694118,1.5437363791441934,1.5889258894515514,1.9937713956493237,-0.48903718977841476,-0.5015620156764883,-0.4968730149821545,-0.5109149126021805,0
-0.6139712319180345,1.498798379540248,0.12493105363319813,0.5536457161876118,1.5332143687151127,-0.25633622150935287,-0.7812208126592922,-0.43961208743026264,1.1882005939889206,1.271648355615379,-0.5015620156764883,-0.48903718977841476,-0.5015620156764883,-0.4968730149821545,1.9572730709832327,1
-0.08444956696215224,-1.4352328681383124,1.6147346810287073,-0.5298096970953858,-0.18640695106406252,-1.4348935617822394,1.2800478223256477,1.0994598130125912,-1.3005499020979872,-0.314739313565483,1.9937713956493237,-0.48903718977841476,-0.5015620156764883,-0.4968730149821545,-0.5109149126021805,1
-0.545764726833091,-0.30624358763217224,-0.13242868304836608,-0.5298096970953858,1.5332143687151127,-0.25633622150935287,-0.7812208126592922,1.6391525465264476,-0.9450141169427145,1.271648355615379,1.9937713956493237,-0.48903718977841476,-0.5015620156764883,-0.4968730149821545,-0.5109149126021805,1
0.700157668496852,-1.191975939591651,1.024331264497075,-0.5298096970953858,-1.2181797429315677,-0.8456148916457962,1.2800478223256477,0.7058258907033096,-0.23394254663216946,0.6370932879430342,-0.5015620156764883,-0.48903718977841476,-0.5015620156764883,-0.4968730149821545,1.9572730709832327,1
1.5652070935555775,0.039003458561588385,1.6948871523079463,3.804011956036605,1.5332143687151127,1.511499788899977,1.2800478223256477,1.747904888315669,1.5437363791441934,-0.314739313565483,-0.5015620156764883,-0.48903718977841476,-0.5015620156764883,2.0125866566448884,-0.5109149126021805,1
0.6090202331444978,0.16459055248426896,-1.2074900136652327,0.5536457161876118,-1.2181797429315677,0.33294244862709044,1.2800478223256477,1.6700089166913723,-0.589478331787442,-0.9492943812378278,-0.5015620156764883,-0.48903718977841476,-0.5015620156764883,-0.4968730149821545,1.9572730709832327,0
0.892542185642885,0.3770930791430117,0.493640042913777,-0.5298096970953858,1.1892901047592777,-0.8456148916457962,1.2800478223256477,-0.5549176538043441,-1.6560856872532597,0.6370932879430342,-0.5015620156764883,2.044834259850677,-0.5015620156764883,-0.4968730149821545,-0.5109149126021805,1
-0.720304637641602,-0.9854801072774594,-0.6644194778364605,-0.5298096970953858,0.5014415768476076,-0.25633622150935287,1.2800478223256477,0.9488877309127253,0.12159323852310308,-1.2665719150740002,-0.5015620156764883,-0.48903718977841476,-0.5015620156764883,-0.4968730149821545,1.9572730709832327,1
-1.1638693090375731,1.438199661803252,0.7582766833340759,-0.5298096970953858,0.5014415768476076,0.9222211187635337,-0.7812208126592922,0.8527124424962954,-0.589478331787442,-0.6320168474016554,-0.5015620156764883,-0.48903718977841476,-0.5015620156764883,-0.4968730149821545,1.9572730709832327,1
-0.6705364947229976,1.2983618372816106,0.8243264787564131,0.5536457161876118,1.1892901047592777,-0.8456148916457962,1.2800478223256477,-1.4969739535493973,-1.6560856872532597,-1.2665719150740002,-0.5015620156764883,-0.48903718977841476,1.9937713956493237,-0.4968730149821545,-0.5109149126021805,1
1.3846156837028851,0.385462889337851,1.082074192113562,0.5536457161876118,-1.5621040068874026,0.33294244862709044,-0.7812208126592922,0.03290450340247066,1.5437363791441934,-0.9492943812378278,-0.5015620156764883,-0.48903718977841476,1.9937713956493237,-0.4968730149821545,-0.5109149126021805,0
-1.1447672670959153,0.5196689035117079,0.8845681282283766,0.5536457161876118,0.8453658408034426,-1.4348935617822394,-0.7812208126592922,0.26530399262478066,1.5437363791441934,1.271648355615379,-0.5015620156764883,-0.48903718977841476,-0.5015620156764883,2.0125866566448884,-0.5109149126021805,0
1.110711911521207,0.40020896302066866,-0.09842705967751514,2.7205565427536076,-1.5621040068874026,0.33294244862709044,-0.7812208126592922,-0.937570499871225,0.4771290236783756,0.0025382202706893814,-0.5015620156764883,2.044834259850677,-0.5015620156764883,-0.4968730149821545,-0.5109149126021805,0
-0.395169276944144,-1.5710154646379912,-1.0363640211662253,0.5536457161876118,-0.18640695106406252,-1.4348935617822394,-0.7812208126592922,1.6812517117869166,1.5437363791441934,0.3198157541068618,-0.5015620156764883,-0.48903718977841476,-0.5015620156764883,-0.4968730149821545,1.9572730709832327,0
-0.21478566058348053,-1.0977089218870708,0.45495207847364966,-0.5298096970953858,0.1575173128917725,-1.4348935617822394,1.2800478223256477,-0.0220943122327423,-0.23394254663216946,1.271648355615379,-0.5015620156764883,-0.48903718977841476,1.9937713956493237,-0.4968730149821545,-0.5109149126021805,1
0.7081006122918349,-0.392145848354293,0.307341060255763,-0.5298096970953858,-0.8742554789757326,-1.4348935617822394,1.2800478223256477,-0.6759520353501427,-0.23394254663216946,-1.5838494489101727,-0.5015620156764883,2.044834259850677,-0.5015620156764883,-0.4968730149821545,-0.5109149126021805,1
0.32712975389295235,-0.2920671126361405,-1.500580488628829,-0.5298096970953858,1.5332143687151127,-0.8456148916457962,-0.7812208126592922,0.5206486825868674,0.4771290236783756,1.271648355615379,-0.5015620156764883,2.044834259850677,-0.5015620156764883,-0.4968730149821545,-0.5109149126021805,0
1.2723979198992494,-1.285042108978806,-0.7569288946322793,-0.5298096970953858,1.5332143687151127,0.33294244862709044,1.2800478223256477,-1.076054718417781,-1.6560856872532597,0.0025382202706893814,-0.5015620156764883,-0.48903718977841476,1.9937713956493237,-0.4968730149821545,-0.5109149126021805,0
0.7068508587120145,-1.4921071231153478,1.6479332662612904,-0.5298096970953858,0.5014415768476076,-0.8456148916457962,-0.7812208126592922,1.385459309365166,-1.6560856872532597,-0.6320168474016554,-0.5015620156764883,-0.48903718977841476,-0.5015620156764883,-0.4968730149821545,1.9572730709832327,1
-1.2743248885742462,-1.176171099640913,1.1014970745762618,-0.5298096970953858,-0.8742554789757326,-0.8456148916457962,-0.7812208126592922,0.040704313396940174,0.12159323852310308,1.271648355615379,-0.5015620156764883,-0.48903718977841476,-0.5015620156764883,-0.4968730149821545,1.9572730709832327,0
1.3868575686155908,-0.5459653714053037,0.6933954576742758,-0.5298096970953858,-0.5303312150198976,-0.25633622150935287,-0.7812208126592922,-0.06986155292809494,0.12159323852310308,0.6370932879430342,-0.5015620156764883,-0.48903718977841476,1.9937713956493237,-0.4968730149821545,-0.5109149126021805,1
0.7071465575908951,-0.3969808078332009,1.2224488057863905,-0.5298096970953858,-0.8742554789757326,0.33294244862709044,-0.7812208126592922,0.4446230552790489,-0.589478331787442,1.5889258894515514,-0.5015620156764883,-0.48903718977841476,-0.5015620156764883,-0.4968730149821545,1.9572730709832327,1
-0.11849601567449494,-0.9227150497527823,-0.7456133579159668,-0.5298096970953858,0.8453658408034426,-0.25633622150935287,-0.7812208126592922,0.4465014118866659,-0.9450141169427145,0.0025382202706893814,1.9937713956493237,-0.48903718977841476,-0.5015620156764883,-0.4968730149821545,-0.5109149126021805,0
1.377789354632527,-0.8266475579136732,-1.4419968324060255,-0.5298096970953858,-0.5303312150198976,-0.8456148916457962,-0.7812208126592922,-1.0148499016996366,0.12159323852310308,-1.5838494489101727,-0.5015620156764883,-0.48903718977841476,-0.5015620156764883,-0.4968730149821545,1.9572730709832327,0
-0.9670505251949149,0.1616511465382476,-1.2891627145370783,-0.5298096970953858,1.1892901047592777,0.9222211187635337,1.2800478223256477,0.2014563415130147,-1.3005499020979872,1.5889258894515514,-0.5015620156764883,2.044834259850677,-0.5015620156764883,-0.4968730149821545,-0.5109149126021805,1
-0.6705942617689051,0.9913582262434666,-1.4062234459283942,-0.5298096970953858,0.5014415768476076,0.9222211187635337,-0.7812208126592922,0.23196673657519146,0.12159323852310308,1.5889258894515514,1.9937713956493237,-0.48903718977841476,-0.5015620156764883,-0.4968730149821545,-0.5109149126021805,0
1.2050441980858526,-1.388820887907918,-0.49458156913398055,-0.5298096970953858,1.1892901047592777,0.9222211187635337,-0.7812208126592922,-0.5378301487190955,-0.9450141169427145,1.271648355615379,1.9937713956493237,-0.48903718977841476,-0.5015620156764883,-0.4968730149821545,-0.5109149126021805,0
0.7459676255872396,-0.06023871703589678,-0.05106045013259804,-0.5298096970953858,1.5332143687151127,-0.8456148916457962,-0.7812208126592922,-0.1147949652512933,0.4771290236783756,-0.314739313565483,-0.5015620156764883,-0.48903718977841476,1.9937713956493237,-0.4968730149821545,-0.5109149126021805,1
0.8072129562673438,1.5972663170078223,-0.14472731003219905,2.7205565427536076,-1.5621040068874026,0.9222211187635337,1.2800478223256477,0.2832299749135976,-1.6560856872532597,-0.6320168474016554,-0.5015620156764883,-0.48903718977841476,-0.5015620156764883,2.0125866566448884,-0.5109149126021805,1
-1.3752261764910128,-0.520541847395465,-0.6361466292410456,-0.5298096970953858,0.5014415768476076,0.33294244862709044,1.2800478223256477,-0.6389194029686694,1.1882005939889206,-1.2665719150740002,-0.5015620156764883,2.044834259850677,-0.5015620156764883,-0.4968730149821545,-0.5109149126021805,0
0.4556354700372328,-1.4299442663297972,-1.5048459969062935,1.6371011294706097,-1.5621040068874026,0.9222211187635337,1.2800478223256477,1.355251920718278,0.4771290236783756,1.271648355615379,-0.5015620156764883,-0.48903718977841476,1.9937713956493237,-0.4968730149821545,-0.5109149126021805,0
-0.49508523451904723,0.4457693969413214,1.000717057415631,0.5536457161876118,-1.2181797429315677,-0.8456148916457962,-0.7812208126592922,-1.2960641452444146,-0.589478331787442,0.6370932879430342,-0.5015620156764883,-0.48903718977841476,-0.5015620156764883,-0.4968730149821545,1.9572730709832327,0
-1.2376289463431347,-0.3516546164235393,0.6202878387423962,0.5536457161876118,-1.2181797429315677,1.511499788899977,1.2800478223256477,0.7570026123830293,1.1882005939889206,-1.2665719150740002,-0.5015620156764883,-0.48903718977841476,-0.5015620156764883,2.0125866566448884,-0.5109149126021805,1
0.25643449433158083,-1.48927327305127,0.4128249227345749,-0.5298096970953858,0.5014415768476076,0.9222211187635337,-0.7812208126592922,-1.5713097744170788,0.8326648088336482,1.271648355615379,-0.5015620156764883,-0.48903718977841476,-0.5015620156764883,-0.4968730149821545,1.9572730709832327,1
-1.0724494884499107,-1.1008342974648617,-0.9048863184791387,-0.5298096970953858,0.5014415768476076,-0.25633622150935287,1.2800478223256477,1.1644342067985447,0.8326648088336482,0.9543708217792066,-0.5015620156764883,-0.48903718977841476,-0.5015620156764883,2.0125866566448884,-0.5109149126021805,0
-1.5745550347232697,-0.3769778483056942,0.3730244187432243,-0.5298096970953858,-1.2181797429315677,-0.25633622150935287,-0.7812208126592922,-1.0049982641002213,-1.6560856872532597,-0.6320168474016554,-0.5015620156764883,2.044834259850677,-0.5015620156764883,-0.4968730149821545,-0.5109149126021805,0
0.6905639799970837,-0.1904861123718345,1.0412084026867114,-0.5298096970953858,-0.18640695106406252,-0.8456148916457962,1.2800478223256477,-0.38686097116593754,-0.589478331787442,-0.9492943812378278,1.9937713956493237,-0.48903718977841476,-0.5015620156764883,-0.4968730149821545,-0.5109149126021805,1
1.625974567394836,0.6438005127958545,1.6238964326805885,-0.5298096970953858,1.1892901047592777,-0.8456148916457962,-0.7812208126592922,-1.5655832880866332,1.1882005939889206,1.271648355615379,-0.5015620156764883,2.044834259850677,-0.5015620156764883,-0.4968730149821545,-0.5109149126021805,1
0.29184991876051963,0.2921925907773961,-1.2400442743406732,-0.5298096970953858,-0.5303312150198976,0.33294244862709044,-0.7812208126592922,-0.9368601646527801,-0.23394254663216946,1.5889258894515514,-0.5015620156764883,-0.48903718977841476,-0.5015620156764883,-0.4968730149821545,1.9572730709832327,0
-1.3930411519002865,0.6034394364570261,-0.5505744529645462,-0.5298096970953858,-0.8742554789757326,-0.8456148916457962,-0.7812208126592922,-0.7040949745452392,-0.589478331787442,-0.6320168474016554,-0.5015620156764883,2.044834259850677,-0.5015620156764883,-0.4968730149821545,-0.5109149126021805,0
-0.3327456778709571,-0.7971480072179524,0.33026588383956335,-0.5298096970953858,-0.5303312150198976,1.511499788899977,-0.7812208126592922,-1.6361860269654775,1.1882005939889206,-0.314739313565483,1.9937713956493237,-0.48903718977841476,-0.5015620156764883,-0.4968730149821545,-0.5109149126021805,0
0.37761509830094314,-1.432719784037585,1.1189960138179011,-0.5298096970953858,1.5332143687151127,0.9222211187635337,-0.7812208126592922,-1.0070564169508038,0.12159323852310308,0.9543708217792066,1.9937713956493237,-0.48903718977841476,-0.5015620156764883,-0.4968730149821545,-0.5109149126021805,1
-1.2102106316723933,-0.22879552977162312,0.03940654845367406,-0.5298096970953858,-0.18640695106406252,0.9222211187635337,-0.7812208126592922,0.7056923751352341,1.5437363791441934,-1.2665719150740002,-0.5015620156764883,-0.48903718977841476,1.9937713956493237,-0.4968730149821545,-0.5109149126021805,0
1.513270411279607,0.716694243052505,-1.4777334690991462,-0.5298096970953858,0.5014415768476076,-0.8456148916457962,1.2800478223256477,0.8121856653352721,1.5437363791441934,0.9543708217792066,1.9937713956493237,-0.48903718977841476,-0.5015620156764883,-0.4968730149821545,-0.5109149126021805,1
0.15699036175663897,-0.09531252222955224,0.9022239745592668,0.5536457161876118,-0.8742554789757326,1.511499788899977,-0.7812208126592922,0.7438005795697963,0.4771290236783756,0.9543708217792066,-0.5015620156764883,-0.48903718977841476,-0.5015620156764883,-0.4968730149821545,1.9572730709832327,1
1.616199061703581,1.6860364260603968,0.40703277866843224,-0.5298096970953858,0.8453658408034426,-0.25633622150935287,1.2800478223256477,-1.4261129785248663,1.5437363791441934,0.0025382202706893814,-0.5015620156764883,-0.48903718977841476,1.9937713956493237,-0.4968730149821545,-0.5109149126021805,1
-0.109604866895356,0.39702706753327993,-0.7137502468378056,-0.5298096970953858,1.5332143687151127,-1.4348935617822394,-0.7812208126592922,1.4972406655164727,-0.589478331787442,0.9543708217792066,-0.5015620156764883,2.044834259850677,-0.5015620156764883,-0.4968730149821545,-0.5109149126021805,0
-0.91324897117135,1.245485069681488,-0.09245102922157598,0.5536457161876118,1.5332143687151127,-1.4348935617822394,-0.7812208126592922,-0.18029617708824178,-0.589478331787442,0.3198157541068618,-0.5015620156764883,-0.48903718977841476,-0.5015620156764883,-0.4968730149821545,1.9572730709832327,0
-0.7464238115920677,1.0202980969299336,-1.153360343878373,-0.5298096970953858,-1.2181797429315677,0.9222211187635337,1.2800478223256477,-1.1551417495158047,0.12159323852310308,-1.2665719150740002,-0.5015620156764883,-0.48903718977841476,-0.5015620156764883,-0.4968730149821545,1.9572730709832327,0
-0.47721134642189117,0.45233848437754626,-0.6486069347565525,1.6371011294706097,0.1575173128917725,-0.8456148916457962,-0.7812208126592922,-1.4219300482001311,0.8326648088336482,0.6370932879430342,-0.5015620156764883,-0.48903718977841476,-0.5015620156764883,-0.4968730149821545,1.9572730709832327,1
1.2874344138359894,1.1716680546196994,0.9441570337808383,-0.5298096970953858,-1.5621040068874026,-1.4348935617822394,1.2800478223256477,-1.5265323457098525,-1.6560856872532597,0.9543708217792066,-0.5015620156764883,2.044834259850677,-0.5015620156764883,-0.4968730149821545,-0.5109149126021805,1
-0.8500298419456785,0.8413099898720537,-0.9036336274592168,-0.5298096970953858,-1.5621040068874026,-0.8456148916457962,1.2800478223256477,-0.9171041831927881,1.5437363791441934,-0.6320168474016554,1.9937713956493237,-0.48903718977841476,-0.5015620156764883,-0.4968730149821545,-0.5109149126021805,1
0.39699161690142193,-1.3701384322041537,0.9076903449168782,0.5536457161876118,0.1575173128917725,-0.8456148916457962,-0.7812208126592922,-0.9082724294539023,0.4771290236783756,-1.5838494489101727,1.9937713956493237,-0.48903718977841476,-0.5015620156764883,-0.4968730149821545,-0.5109149126021805,0
-1.3884622566227665,1.585018416053941,0.17659438706617767,-0.5298096970953858,1.5332143687151127,0.33294244862709044,1.2800478223256477,-1.4261804131451423,0.8326648088336482,-0.9492943812378278,-0.5015620156764883,-0.48903718977841476,1.9937713956493237,-0.4968730149821545,-0.5109149126021805,1
-0.12231697946098029,0.12830882788252573,1.5201120653378628,-0.5298096970953858,1.5332143687151127,-0.25633622150935287,1.2800478223256477,-1.678389956903298,-1.3005499020979872,0.9543708217792066,1.9937713956493237,-0.48903718977841476,-0.5015620156764883,-0.4968730149821545,-0.5109149126021805,1
-1.3666520523214647,-1.5937489747347042,0.8736065704546918,0.5536457161876118,0.8453658408034426,-1.4348935617822394,-0.7812208126592922,1.4300028137700036,0.4771290236783756,-0.314739313565483,-0.5015620156764883,-0.48903718977841476,1.9937713956493237,-0.4968730149821545,-0.5109149126021805,0
0.7869413139228721,-0.8640714716141711,-0.1957261484801319,-0.5298096970953858,-1.5621040068874026,1.511499788899977,-0.7812208126592922,0.16697664288269992,-0.23394254663216946,0.3198157541068618,-0.5015620156764883,-0.48903718977841476,-0.5015620156764883,-0.4968730149821545,1.9572730709832327,0
0.36698547090013456,-0.2499554810785974,1.4818465632186508,-0.5298096970953858,0.8453658408034426,0.33294244862709044,1.2800478223256477,-1.4489638338751205,-1.6560856872532597,-1.2665719150740002,-0.5015620156764883,2.044834259850677,-0.5015620156764883,-0.4968730149821545,-0.5109149126021805,1
-1.5214630611612618,1.6017320620072582,-1.3352137846589787,1.6371011294706097,0.1575173128917725,-0.8456148916457962,1.2800478223256477,0.20263385506711395,0.4771290236783756,-0.9492943812378278,-0.5015620156764883,-0.48903718977841476,-0.5015620156764883,2.0125866566448884,-0.5109149126021805,0
-1.1753196867369633,-1.6551585144779621,1.6403721521108612,-0.5298096970953858,0.8453658408034426,0.9222211187635337,-0.7812208126592922,1.645881158703052,1.1882005939889206,0.0025382202706893814,-0.5015620156764883,2.044834259850677,-0.5015620156764883,-0.4968730149821545,-0.5109149126021805,1
-1.0910507082931056,0.5802234258877957,0.7122016360072383,-0.5298096970953858,1.5332143687151127,0.33294244862709044,-0.7812208126592922,-0.6633865241490632,0.8326648088336482,0.9543708217792066,-0.5015620156764883,-0.48903718977841476,-0.5015620156764883,2.0125866566448884,-0.5109149126021805,1
-0.1807644238642986,-1.408973739576335,-0.7620628674120888,-0.5298096970953858,-1.5621040068874026,-1.4348935617822394,1.2800478223256477,1.6333443433459753,-0.23394254663216946,-1.2665719150740002,1.9937713956493237,-0.48903718977841476,-0.5015620156764883,-0.4968730149821545,-0.5109149126021805,0
1.392274074015508,0.7441402292756487,-1.2375011960300641,-0.5298096970953858,-0.5303312150198976,-0.25633622150935287,1.2800478223256477,1.2111559546411486,0.4771290236783756,-1.5838494489101727,-0.5015620156764883,2.044834259850677,-0.5015620156764883,-0.4968730149821545,-0.5109149126021805,1
1.1049798525546395,-0.6701379435063374,0.6003382780579417,-0.5298096970953858,-1.5621040068874026,0.9222211187635337,-0.7812208126592922,-0.0759536937695991,-1.3005499020979872,0.3198157541068618,1.9937713956493237,-0.48903718977841476,-0.5015620156764883,-0.4968730149821545,-0.5109149126021805,1
1.6773653685679841,-0.3975818846892692,1.3294837718356463,0.5536457161876118,-0.18640695106406252,-0.25633622150935287,-0.7812208126592922,-0.22409112784096744,1.5437363791441934,-1.2665719150740002,-0.5015620156764883,-0.48903718977841476,-0.5015620156764883,-0.4968730149821545,1.9572730709832327,1
1.0946145994668386,-0.9963545215351933,-0.8151442307049216,-0.5298096970953858,-1.5621040068874026,0.9222211187635337,1.2800478223256477,1.249350094110038,0.4771290236783756,0.6370932879430342,-0.5015620156764883,-0.48903718977841476,1.9937713956493237,-0.4968730149821545,-0.5109149126021805,1
-0.3904122646186315,1.498395005687592,-1.5308572167509418,-0.5298096970953858,0.8453658408034426,1.511499788899977,1.2800478223256477,-0.46896491617339414,-1.3005499020979872,-0.314739313565483,-0.5015620156764883,2.044834259850677,-0.5015620156764883,-0.4968730149821545,-0.5109149126021805,1
1.4250352439759326,0.21774969971197547,-0.5339528311861204,-0.5298096970953858,-1.5621040068874026,-1.4348935617822394,-0.7812208126592922,-0.4291076925707046,0.4771290236783756,0.9543708217792066,1.9937713956493237,-0.48903718977841476,-0.5015620156764883,-0.4968730149821545,-0.5109149126021805,0
1.3760343592309465,1.6331810672961828,-0.7061878300043152,-0.5298096970953858,-0.8742554789757326,-1.4348935617822394,-0.7812208126592922,1.390235005205967,1.5437363791441934,-0.314739313565483,-0.5015620156764883,-0.48903718977841476,-0.5015620156764883,2.0125866566448884,-0.5109149126021805,0
0.5768565818871224,-0.2342179320702346,0.37919729087486387,1.6371011294706097,-1.2181797429315677,-0.8456148916457962,-0.7812208126592922,0.3635920530565034,0.8326648088336482,1.5889258894515514,1.9937713956493237,-0.48903718977841476,-0.5015620156764883,-0.4968730149821545,-0.5109149126021805,0
-0.9884858762679343,1.0510512613405467,-0.8804706167304746,-0.5298096970953858,0.8453658408034426,-0.8456148916457962,1.2800478223256477,0.8974062557779897,-0.23394254663216946,-1.2665719150740002,-0.5015620156764883,-0.48903718977841476,-0.5015620156764883,2.0125866566448884,-0.5109149126021805,1
0.5537998226138638,-1.1758288611832546,-1.667301602265913,-0.5298096970953858,-0.5303312150198976,-1.4348935617822394,1.2800478223256477,1.539171478004465,0.8326648088336482,1.271648355615379,1.9937713956493237,-0.48903718977841476,-0.5015620156764883,-0.4968730149821545,-0.5109149126021805,0
-1.282187343506042,1.516703783937643,0.9279862435229499,2.7205565427536076,-0.18640695106406252,0.9222211187635337,-0.7812208126592922,0.33985122927786915,-0.9450141169427145,0.6370932879430342,-0.5015620156764883,-0.48903718977841476,1.9937713956493237,-0.4968730149821545,-0.5109149126021805,1
-1.5027087008782074,1.1764141841717797,-0.028201260018080578,0.5536457161876118,-0.8742554789757326,-1.4348935617822394,-0.7812208126592922,0.7364231731377373,-1.6560856872532597,-0.9492943812378278,-0.5015620156764883,-0.48903718977841476,-0.5015620156764883,2.0125866566448884,-0.5109149126021805,0
0.1725345096081835,-1.5581432677923086,0.03532179623532153,-0.5298096970953858,-1.2181797429315677,-1.4348935617822394,-0.7812208126592922,0.6516539073644337,0.12159323852310308,0.0025382202706893814,-0.5015620156764883,-0.48903718977841476,-0.5015620156764883,2.0125866566448884,-0.5109149126021805,0
-1.55337990427324,-1.405066325822414,-0.029572575919079358,0.5536457161876118,0.8453658408034426,1.511499788899977,1.2800478223256477,0.5996825297841463,-1.6560856872532597,0.0025382202706893814,-0.5015620156764883,2.044834259850677,-0.5015620156764883,-0.4968730149821545,-0.5109149126021805,0
0.7945306913302681,-0.23768417674385,-1.1587695289975384,-0.5298096970953858,1.1892901047592777,-0.8456148916457962,1.2800478223256477,-0.8789799090752679,0.4771290236783756,-1.5838494489101727,1.9937713956493237,-0.48903718977841476,-0.5015620156764883,-0.4968730149821545,-0.5109149126021805,0
1.4406959848155745,0.25049349990759245,1.2100563323632842,2.7205565427536076,0.8453658408034426,-1.4348935617822394,1.2800478223256477,-0.7577432998735507,1.5437363791441934,0.0025382202706893814,-0.5015620156764883,2.044834259850677,-0.5015620156764883,-0.4968730149821545,-0.5109149126021805,0
-1.0858362231788674,1.236989956097773,-1.4533006021468136,-0.5298096970953858,0.8453658408034426,0.9222211187635337,-0.7812208126592922,0.8734689378022693,-0.589478331787442,0.9543708217792066,-0.5015620156764883,2.044834259850677,-0.5015620156764883,-0.4968730149821545,-0.5109149126021805,0
1.4072389076680527,-0.4812832480530173,1.6472777078961425,-0.5298096970953858,0.1575173128917725,0.9222211187635337,-0.7812208126592922,0.5525570665773443,-0.589478331787442,0.0025382202706893814,-0.5015620156764883,-0.48903718977841476,-0.5015620156764883,-0.4968730149821545,1.9572730709832327,1
0.3609087082520727,-1.5260304659378279,0.053539616136539556,0.5536457161876118,-0.5303312150198976,0.9222211187635337,-0.7812208126592922,-0.5713264109647198,-0.23394254663216946,0.9543708217792066,-0.5015620156764883,-0.48903718977841476,1.9937713956493237,-0.4968730149821545,-0.5109149126021805,0
-0.5227601114683047,-0.9821613766002024,0.08602897242001147,-0.5298096970953858,1.5332143687151127,-1.4348935617822394,-0.7812208126592922,0.29635877342005973,1.1882005939889206,-0.314739313565483,1.9937713956493237,-0.48903718977841476,-0.5015620156764883,-0.4968730149821545,-0.5109149126021805,1
-1.218673053313013,-0.0029976409467561754,-1.6709463033438072,0.5536457161876118,-1.2181797429315677,-0.25633622150935287,-0.7812208126592922,-1.4798327085313179,-0.9450141169427145,1.5889258894515514,-0.5015620156764883,-0.48903718977841476,-0.5015620156764883,2.0125866566448884,-0.5109149126021805,0
-1.410316790263146,1.3278809598231782,1.2797931577392088,-0.5298096970953858,-0.5303312150198976,0.9222211187635337,-0.7812208126592922,0.6580739982122296,0.4771290236783756,0.9543708217792066,-0.5015620156764883,2.044834259850677,-0.5015620156764883,-0.4968730149821545,-0.5109149126021805,1
-1.4512773111684139,-0.6976425597177979,0.9567739114798364,2.7205565427536076,-1.2181797429315677,-1.4348935617822394,-0.7812208126592922,-1.111550162849335,-0.9450141169427145,0.6370932879430342,-0.5015620156764883,-0.48903718977841476,-0.5015620156764883,2.0125866566448884,-0.5109149126021805,0
-0.8144751032567666,-0.19396534461028286,-0.3949932397049358,-0.5298096970953858,0.1575173128917725,-1.4348935617822394,-0.7812208126592922,-1.523405439815787,-0.23394254663216946,1.271648355615379,1.9937713956493237,-0.48903718977841476,-0.5015620156764883,-0.4968730149821545,-0.5109149126021805,0
-0.39630102547675866,-1.102178571562441,-0.8284893755872249,-0.5298096970953858,-0.8742554789757326,-0.8456148916457962,-0.7812208126592922,1.326251609153066,-1.3005499020979872,0.3198157541068618,-0.5015620156764883,-0.48903718977841476,1.9937713956493237,-0.4968730149821545,-0.5109149126021805,0
-0.27844535420711447,0.0663782565661808,-0.7836544373809455,-0.5298096970953858,0.1575173128917725,1.511499788899977,1.2800478223256477,1.560514678736342,-0.9450141169427145,1.5889258894515514,-0.5015620156764883,2.044834259850677,-0.5015620156764883,-0.4968730149821545,-0.5109149126021805,1
-0.5750264930023277,0.45818136512774654,-1.3155269562941532,0.5536457161876118,0.5014415768476076,1.511499788899977,-0.7812208126592922,0.6776562765714,-1.3005499020979872,0.3198157541068618,-0.5015620156764883,-0.48903718977841476,1.9937713956493237,-0.4968730149821545,-0.5109149126021805,0
0.6209659984431007,0.14795466506049373,-0.32651732934043587,-0.5298096970953858,-0.5303312150198976,-0.8456148916457962,-0.7812208126592922,-1.101373789574926,1.5437363791441934,1.271648355615379,-0.5015620156764883,-0.48903718977841476,1.9937713956493237,-0.4968730149821545,-0.5109149126021805,0
0.5265328545795511,-0.003987800389024913,1.342904633812801,-0.5298096970953858,0.5014415768476076,0.9222211187635337,-0.7812208126592922,-1.2655484391434215,1.1882005939889206,-0.314739313565483,-0.5015620156764883,-0.48903718977841476,-0.5015620156764883,2.0125866566448884,-0.5109149126021805,1
1.7342309815124188,0.7161028459332639,-0.7152004000618295,-0.5298096970953858,1.5332143687151127,1.511499788899977,-0.7812208126592922,1.417202862433363,1.5437363791441934,-0.314739313565483,1.9937713956493237,-0.48903718977841476,-0.5015620156764883,-0.4968730149821545,-0.5109149126021805,1
0.2178069706373489,0.874073898802174,0.9916539988753327,-0.5298096970953858,-0.8742554789757326,-0.8456148916457962,-0.7812208126592922,-0.18494987636677393,1.5437363791441934,-1.2665719150740002,-0.5015620156764883,-0.48903718977841476,-0.5015620156764883,2.0125866566448884,-0.5109149126021805,0
-0.5829179756785826,0.5368620833220648,0.6013686091469694,0.5536457161876118,-0.8742554789757326,-1.4348935617822394,-0.7812208126592922,0.9703684024633739,1.1882005939889206,-0.6320168474016554,-0.5015620156764883,-0.48903718977841476,-0.5015620156764883,-0.4968730149821545,1.9572730709832327,0
0.07478479055713351,0.4273202790546998,-1.1273383708375024,-0.5298096970953858,0.8453658408034426,-1.4348935617822394,-0.7812208126592922,-0.30545944391756397,-0.9450141169427145,-0.9492943812378278,1.9937713956493237,-0.48903718977841476,-0.5015620156764883,-0.4968730149821545,-0.5109149126021805,0
-0.21626936847646172,0.15011471274903973,0.569700009568582,-0.5298096970953858,-0.18640695106406252,-1.4348935617822394,-0.7812208126592922,-1.4038363563846221,1.5437363791441934,0.3198157541068618,-0.5015620156764883,2.044834259850677,-0.5015620156764883,-0.4968730149821545,-0.5109149126021805,0
-0.5118407131099963,-0.5821529199371285,1.3344332116477764,1.6371011294706097,1.5332143687151127,1.511499788899977,-0.7812208126592922,-1.1006958487454175,-0.9450141169427145,0.3198157541068618,-0.5015620156764883,-0.48903718977841476,1.9937713956493237,-0.4968730149821545,-0.5109149126021805,1
1.0319572365936864,-0.6535363020640956,-1.1784744357831336,0.5536457161876118,-0.8742554789757326,0.9222211187635337,-0.7812208126592922,1.0315570414893938,-0.23394254663216946,-1.2665719150740002,-0.5015620156764883,-0.48903718977841476,-0.5015620156764883,-0.4968730149821545,1.9572730709832327,0
0.21113743659500256,1.0689204665807546,1.0526648672960885,-0.5298096970953858,0.8453658408034426,0.9222211187635337,-0.7812208126592922,1.7947910982612783,0.12159323852310308,-1.5838494489101727,-0.5015620156764883,-0.48903718977841476,-0.5015620156764883,-0.4968730149821545,1.9572730709832327,1
0.31776639029645587,-1.6151892687136158,-0.2954608668996578,-0.5298096970953858,-1.2181797429315677,0.33294244862709044,1.2800478223256477,1.6420960417698676,-1.6560856872532597,-0.9492943812378278,-0.5015620156764883,-0.48903718977841476,-0.5015620156764883,-0.4968730149821545,1.9572730709832327,0
-1.2694294737846106,1.4919492410988968,0.940375288403175,-0.5298096970953858,1.5332143687151127,-0.8456148916457962,-0.7812208126592922,1.6456925941542966,0.8326648088336482,0.6370932879430342,-0.5015620156764883,-0.48903718977841476,-0.5015620156764883,2.0125866566448884,-0.5109149126021805,1
0.29541953810475374,-1.4722417737203068,-1.5832626334833242,-0.5298096970953858,0.1575173128917725,-0.8456148916457962,1.2800478223256477,-0.39552878421136595,-0.589478331787442,0.3198157541068618,-0.5015620156764883,-0.48903718977841476,1.9937713956493237,-0.4968730149821545,-0.5109149126021805,0
-1.2903914873950044,-0.5654807966379285,-0.9973583608368157,-0.5298096970953858,-1.5621040068874026,0.9222211187635337,1.2800478223256477,-0.05973970285769958,-0.23394254663216946,-0.9492943812378278,-0.5015620156764883,2.044834259850677,-0.5015620156764883,-0.4968730149821545,-0.5109149126021805,0
0.07221396207840705,-0.0907752925369492,1.542447056803045,0.5536457161876118,1.5332143687151127,0.9222211187635337,-0.7812208126592922,-0.4306720957076903,0.8326648088336482,0.9543708217792066,-0.5015620156764883,-0.48903718977841476,-0.5015620156764883,-0.4968730149821545,1.9572730709832327,1
-0.9769890410350621,0.7740414976461466,1.285508800064062,0.5536457161876118,-0.8742554789757326,0.33294244862709044,1.2800478223256477,-1.602928043483624,1.5437363791441934,-0.314739313565483,-0.5015620156764883,2.044834259850677,-0.5015620156764883,-0.4968730149821545,-0.5109149126021805,0
1.7008399115792259,-0.7525526725323689,-0.5926801341738391,-0.5298096970953858,1.1892901047592777,1.511499788899977,-0.7812208126592922,1.6628722096595456,-0.9450141169427145,0.3198157541068618,-0.5015620156764883,-0.48903718977841476,1.9937713956493237,-0.4968730149821545,-0.5109149126021805,1
-1.551102487250343,-1.2816625449640549,-0.7631687246226599,1.6371011294706097,-0.18640695106406252,-0.25633622150935287,1.2800478223256477,-1.4654406340314774,0.4771290236783756,-1.5838494489101727,1.9937713956493237,-0.48903718977841476,-0.5015620156764883,-0.4968730149821545,-0.5109149126021805,0
-0.9183451102317495,-0.03815034441207065,-1.6858850790674844,0.5536457161876118,-1.5621040068874026,0.9222211187635337,-0.7812208126592922,-1.0652121291915246,0.12159323852310308,-0.6320168474016554,-0.5015620156764883,-0.48903718977841476,1.9937713956493237,-0.4968730149821545,-0.5109149126021805,0
-1.5020135776033163,-1.6279449259143624,1.033219187553861,-0.5298096970953858,1.1892901047592777,0.33294244862709044,-0.7812208126592922,1.6514447836380617,-1.6560856872532597,1.271648355615379,-0.5015620156764883,-0.48903718977841476,-0.5015620156764883,2.0125866566448884,-0.5109149126021805,1
-1.4818861295631527,1.6422635246020019,-0.7336998533541846,0.5536457161876118,1.5332143687151127,-0.25633622150935287,-0.7812208126592922,0.14299001841128417,0.8326648088336482,-0.314739313565483,-0.5015620156764883,-0.48903718977841476,-0.5015620156764883,2.0125866566448884,-0.5109149126021805,0
0.21951855651041505,-1.1125024118326665,1.0972837538137021,0.5536457161876118,1.5332143687151127,0.33294244862709044,1.2800478223256477,0.3655947721420029,1.5437363791441934,-1.2665719150740002,-0.5015620156764883,-0.48903718977841476,-0.5015620156764883,-0.4968730149821545,1.9572730709832327,1
-0.7035007186254798,-0.8217571004995079,-0.10752057902791572,-0.5298096970953858,0.8453658408034426,-0.25633622150935287,1.2800478223256477,-0.7007162021639172,-1.6560856872532597,0.6370932879430342,1.9937713956493237,-0.48903718977841476,-0.5015620156764883,-0.4968730149821545,-0.5109149126021805,1
0.014259849521051617,-1.228151910747507,-0.15104428163971756,-0.5298096970953858,1.5332143687151127,-1.4348935617822394,-0.7812208126592922,0.17887305633941747,1.5437363791441934,-0.314739313565483,1.9937713956493237,-0.48903718977841476,-0.5015620156764883,-0.4968730149821545,-0.5109149126021805,0
-0.10658126352918511,-0.9418801047488614,-1.3061872655684814,-0.5298096970953858,0.1575173128917725,0.33294244862709044,1.2800478223256477,-0.9747058645454167,0.8326648088336482,0.3198157541068618,-0.5015620156764883,-0.48903718977841476,1.9937713956493237,-0.4968730149821545,-0.5109149126021805,1
-0.5721185735819386,-1.4754173924630303,1.3349874349184983,-0.5298096970953858,-0.18640695106406252,1.511499788899977,1.2800478223256477,-0.5343763795095507,1.1882005939889206,-0.9492943812378278,-0.5015620156764883,2.044834259850677,-0.5015620156764883,-0.4968730149821545,-0.5109149126021805,1
0.9825306614284453,-0.03370228183014506,-0.7990877887336497,-0.5298096970953858,-0.5303312150198976,0.9222211187635337,-0.7812208126592922,1.8312065349588162,-1.3005499020979872,-0.314739313565483,-0.5015620156764883,-0.48903718977841476,-0.5015620156764883,2.0125866566448884,-0.5109149126021805,1
-1.3697902729810174,-1.1856353543080758,-0.10711005705453731,-0.5298096970953858,-1.5621040068874026,-0.8456148916457962,-0.7812208126592922,0.028901078767189555,0.4771290236783756,1.271648355615379,1.9937713956493237,-0.48903718977841476,-0.5015620156764883,-0.4968730149821545,-0.5109149126021805,0
0.3498666935633545,-0.6434543600729233,-0.8463038604124985,-0.5298096970953858,-0.5303312150198976,-0.25633622150935287,1.2800478223256477,0.9914266008640013,-0.589478331787442,0.6370932879430342,1.9937713956493237,-0.48903718977841476,-0.5015620156764883,-0.4968730149821545,-0.5109149126021805,1
-0.3183974198425822,1.5351034323960726,-0.14711399509284104,0.5536457161876118,0.1575173128917725,0.9222211187635337,1.2800478223256477,-0.23452569807363333,1.1882005939889206,-0.314739313565483,-0.5015620156764883,2.044834259850677,-0.5015620156764883,-0.4968730149821545,-0.5109149126021805,1
0.48920952480675256,0.3900039221575308,0.1997561015391869,-0.5298096970953858,1.5332143687151127,-0.8456148916457962,-0.7812208126592922,0.5909937420729292,-1.3005499020979872,-0.6320168474016554,-0.5015620156764883,2.044834259850677,-0.5015620156764883,-0.4968730149821545,-0.5109149126021805,1
0.8916643643221074,1.5847068153947477,0.6993458862662266,-0.5298096970953858,1.5332143687151127,-0.8456148916457962,-0.7812208126592922,-1.4826499942017428,-1.3005499020979872,0.6370932879430342,1.9937713956493237,-0.48903718977841476,-0.5015620156764883,-0.4968730149821545,-0.5109149126021805,1
-0.960134777195589,1.213354768687173,-1.069817370197601,-0.5298096970953858,-0.5303312150198976,-0.25633622150935287,1.2800478223256477,-0.310833468586953,0.4771290236783756,-1.5838494489101727,-0.5015620156764883,-0.48903718977841476,1.9937713956493237,-0.4968730149821545,-0.5109149126021805,0
0.34465549069777657,-0.753240440960813,-0.6102723627306822,-0.5298096970953858,0.5014415768476076,-0.25633622150935287,-0.7812208126592922,0.835431546708104,0.4771290236783756,-1.5838494489101727,-0.5015620156764883,-0.48903718977841476,-0.5015620156764883,-0.4968730149821545,1.9572730709832327,0
1.7113652123153993,-1.374289312966178,1.048948634817903,1.6371011294706097,0.1575173128917725,-0.8456148916457962,-0.7812208126592922,0.18591043788203668,0.12159323852310308,-0.6320168474016554,1.9937713956493237,-0.48903718977841476,-0.5015620156764883,-0.4968730149821545,-0.5109149126021805,1
1.6171400024380582,1.087726232067257,1.089935881497522,-0.5298096970953858,-0.5303312150198976,-0.8456148916457962,-0.7812208126592922,0.6089918405115509,-0.589478331787442,0.9543708217792066,-0.5015620156764883,-0.48903718977841476,1.9937713956493237,-0.4968730149821545,-0.5109149126021805,1
-0.9033173837979781,-0.84649547894629,1.2161668860008095,-0.5298096970953858,-0.5303312150198976,-0.8456148916457962,-0.7812208126592922,-0.2159539360272323,-0.9450141169427145,0.0025382202706893814,-0.5015620156764883,-0.48903718977841476,-0.5015620156764883,2.0125866566448884,-0.5109149126021805,1
-1.4800886368661768,0.6343544478547071,-0.18127593428426744,1.6371011294706097,1.5332143687151127,1.511499788899977,1.2800478223256477,-1.5031805290582332,0.8326648088336482,-0.314739313565483,1.9937713956493237,-0.48903718977841476,-0.5015620156764883,-0.4968730149821545,-0.5109149126021805,1
1.4018160150987766,-0.0879085838902495,0.9600291209618483,-0.5298096970953858,0.1575173128917725,0.33294244862709044,-0.7812208126592922,-0.7185394067412813,-0.23394254663216946,1.5889258894515514,-0.5015620156764883,-0.48903718977841476,-0.5015620156764883,2.0125866566448884,-0.5109149126021805,1
1.640617557052994,0.9957286598870111,-1.2996470005163814,-0.5298096970953858,-0.18640695106406252,0.33294244862709044,1.2800478223256477,1.6091748990458052,-0.23394254663216946,-0.314739313565483,-0.5015620156764883,-0.48903718977841476,-0.5015620156764883,-0.4968730149821545,1.9572730709832327,1
1.1137486744482163,-1.674897512753883,1.2922103542206065,-0.5298096970953858,0.5014415768476076,0.9222211187635337,-0.7812208126592922,0.7957762874919629,0.4771290236783756,1.5889258894515514,-0.5015620156764883,2.044834259850677,-0.5015620156764883,-0.4968730149821545,-0.5109149126021805,0
0.3426074818630981,-0.6896674949283585,-0.9361861658681938,-0.5298096970953858,0.5014415768476076,-0.25633622150935287,1.2800478223256477,1.7117460511291103,0.12159323852310308,0.0025382202706893814,-0.5015620156764883,2.044834259850677,-0.5015620156764883,-0.4968730149821545,-0.5109149126021805,1
1.4746514471623844,-1.6643818753803346,-1.1692677507922014,-0.5298096970953858,0.1575173128917725,-1.4348935617822394,1.2800478223256477,-1.082931902888887,-0.589478331787442,1.5889258894515514,-0.5015620156764883,-0.48903718977841476,-0.5015620156764883,-0.4968730149821545,1.9572730709832327,1
0.5315766791263549,1.5791336192643004,-1.4574683534994817,-0.5298096970953858,0.8453658408034426,-0.8456148916457962,-0.7812208126592922,0.43072195721599477,1.1882005939889206,1.5889258894515514,1.9937713956493237,-0.48903718977841476,-0.5015620156764883,-0.4968730149821545,-0.5109149126021805,0
-1.5526821283664687,1.2724554660572422,1.0987934668850405,-0.5298096970953858,1.1892901047592777,0.33294244862709044,-0.7812208126592922,-1.4640615708877287,0.4771290236783756,-1.2665719150740002,-0.5015620156764883,-0.48903718977841476,-0.5015620156764883,2.0125866566448884,-0.5109149126021805,1
0.05353627961103547,0.017821355263172935,0.23107536453883676,-0.5298096970953858,-0.5303312150198976,-0.25633622150935287,1.2800478223256477,-1.5367622407913162,0.4771290236783756,-0.9492943812378278,-0.5015620156764883,-0.48903718977841476,-0.5015620156764883,-0.4968730149821545,1.9572730709832327,1
-1.0103506824993762,0.4953008386430016,0.5693030934333496,-0.5298096970953858,-0.5303312150198976,-0.25633622150935287,-0.7812208126592922,-0.25869419751807216,0.8326648088336482,1.271648355615379,-0.5015620156764883,-0.48903718977841476,-0.5015620156764883,2.0125866566448884,-0.5109149126021805,1
0.5731553090110068,1.5197936575040907,0.692806482809993,-0.5298096970953858,-1.2181797429315677,1.511499788899977,1.2800478223256477,1.2011769806654322,0.8326648088336482,-0.314739313565483,-0.5015620156764883,2.044834259850677,-0.5015620156764883,-0.4968730149821545,-0.5109149126021805,1
1.0603012778301306,-0.5188410591089295,-1.1041650053407128,-0.5298096970953858,0.1575173128917725,0.33294244862709044,1.2800478223256477,-0.6294120811723352,-0.9450141169427145,1.271648355615379,-0.5015620156764883,2.044834259850677,-0.5015620156764883,-0.4968730149821545,-0.5109149126021805,1
0.7120252949597565,0.04131052099153857,1.1190393906952554,-0.5298096970953858,0.1575173128917725,-0.25633622150935287,-0.7812208126592922,-1.1233721502894927,0.12159323852310308,-0.6320168474016554,-0.5015620156764883,-0.48903718977841476,1.9937713956493237,-0.4968730149821545,-0.5109149126021805,1
-1.2685009480526541,-1.458586502513093,0.19739851327227473,2.7205565427536076,-1.2181797429315677,1.511499788899977,-0.7812208126592922,1.7974347229634628,1.1882005939889206,-0.9492943812378278,1.9937713956493237,-0.48903718977841476,-0.5015620156764883,-0.4968730149821545,-0.5109149126021805,0
1.0587965170942963,0.8851262294300728,-1.1122824645043075,-0.5298096970953858,-0.8742554789757326,-0.25633622150935287,1.2800478223256477,0.8215260206533455,-1.6560856872532597,0.9543708217792066,-0.5015620156764883,-0.48903718977841476,1.9937713956493237,-0.4968730149821545,-0.5109149126021805,0
1.051534268172306,0.9583703457363539,0.15203798238504063,-0.5298096970953858,0.5014415768476076,-0.8456148916457962,1.2800478223256477,-0.8703390513894652,1.1882005939889206,0.3198157541068618,-0.5015620156764883,-0.48903718977841476,-0.5015620156764883,-0.4968730149821545,1.9572730709832327,1
0.5812759416641251,1.4731051923077185,1.5003643675483815,-0.5298096970953858,0.1575173128917725,-1.4348935617822394,-0.7812208126592922,1.4790227963218163,0.4771290236783756,0.6370932879430342,-0.5015620156764883,-0.48903718977841476,-0.5015620156764883,2.0125866566448884,-0.5109149126021805,1
0.016851041521658113,0.9714498190270299,0.20244828641975865,2.7205565427536076,0.5014415768476076,-0.25633622150935287,-0.7812208126592922,-1.406316625795371,0.12159323852310308,0.9543708217792066,-0.5015620156764883,-0.48903718977841476,1.9937713956493237,-0.4968730149821545,-0.5109149126021805,0
-0.6905206763282581,-1.6477167499666991,0.6028198514745757,2.7205565427536076,-1.5621040068874026,1.511499788899977,-0.7812208126592922,0.5211715543799419,0.12159323852310308,-1.5838494489101727,-0.5015620156764883,2.044834259850677,-0.5015620156764883,-0.4968730149821545,-0.5109149126021805,0
-0.8954322494297081,0.6471746276503522,-0.7761751042016061,-0.5298096970953858,0.8453658408034426,-0.25633622150935287,1.2800478223256477,-0.9865573338289908,0.8326648088336482,-0.314739313565483,-0.5015620156764883,2.044834259850677,-0.5015620156764883,-0.4968730149821545,-0.5109149126021805,1
-1.2404847953922205,-0.2698831494872981,-0.8965514813744022,-0.5298096970953858,-0.18640695106406252,0.9222211187635337,-0.7812208126592922,-0.33121007141807,0.4771290236783756,-1.5838494489101727,1.9937713956493237,-0.48903718977841476,-0.5015620156764883,-0.4968730149821545,-0.5109149126021805,0
-1.3759454846904693,0.8908630064426499,-0.13805915991534584,-0.5298096970953858,-0.8742554789757326,1.511499788899977,-0.7812208126592922,1.2543550188057637,0.8326648088336482,-1.5838494489101727,-0.5015620156764883,-0.48903718977841476,-0.5015620156764883,-0.4968730149821545,1.9572730709832327,1
1.387941131228198,-0.1108958096453963,0.35581159425357156,0.5536457161876118,1.5332143687151127,-1.4348935617822394,-0.7812208126592922,0.9735530972349185,-0.23394254663216946,-1.5838494489101727,-0.5015620156764883,-0.48903718977841476,-0.5015620156764883,2.0125866566448884,-0.5109149126021805,0
-0.3972233924484868,0.5669863035610104,0.8931853462009969,-0.5298096970953858,1.1892901047592777,-0.25633622150935287,1.2800478223256477,-0.776679221290257,1.5437363791441934,-0.9492943812378278,-0.5015620156764883,2.044834259850677,-0.5015620156764883,-0.4968730149821545,-0.5109149126021805,1
0.1479651792998034,-0.06561777292286422,1.3345850114309972,-0.5298096970953858,0.1575173128917725,-1.4348935617822394,-0.7812208126592922,-0.774199093829885,1.5437363791441934,-0.9492943812378278,1.9937713956493237,-0.48903718977841476,-0.5015620156764883,-0.4968730149821545,-0.5109149126021805,1
-1.2104400876862333,-1.4999782428193555,-0.6629905616160581,-0.5298096970953858,-1.2181797429315677,1.511499788899977,1.2800478223256477,0.4011000766726546,0.4771290236783756,1.271648355615379,-0.5015620156764883,-0.48903718977841476,-0.5015620156764883,2.0125866566448884,-0.5109149126021805,0
-0.11708079716436152,1.4972043267348565,-0.2877938458579036,-0.5298096970953858,-0.18640695106406252,0.9222211187635337,-0.7812208126592922,-0.16520346656490492,1.5437363791441934,0.3198157541068618,-0.5015620156764883,-0.48903718977841476,-0.5015620156764883,-0.4968730149821545,1.9572730709832327,1
1.2957325472857748,-0.3427888471237428,-1.593460469605465,-0.5298096970953858,1.1892901047592777,-0.8456148916457962,-0.7812208126592922,1.5691022712573648,-0.23394254663216946,0.6370932879430342,-0.5015620156764883,-0.48903718977841476,-0.5015620156764883,2.0125866566448884,-0.5109149126021805,0
-1.2366710640970124,0.062134792295863814,0.9173515182637417,-0.5298096970953858,1.5332143687151127,1.511499788899977,-0.7812208126592922,0.3678081154210176,1.5437363791441934,0.3198157541068618,-0.5015620156764883,-0.48903718977841476,-0.5015620156764883,2.0125866566448884,-0.5109149126021805,1
1.7447821063875812,0.3537705358075128,1.1223105888370368,0.5536457161876118,0.5014415768476076,-0.25633622150935287,-0.7812208126592922,-1.5725442213470164,-1.6560856872532597,0.0025382202706893814,-0.5015620156764883,2.044834259850677,-0.5015620156764883,-0.4968730149821545,-0.5109149126021805,1
1.0820348869689513,0.17383049669690745,1.1713336172962983,0.5536457161876118,0.5014415768476076,0.9222211187635337,-0.7812208126592922,-0.42011598093148317,-0.23394254663216946,0.3198157541068618,-0.5015620156764883,2.044834259850677,-0.5015620156764883,-0.4968730149821545,-0.5109149126021805,1
-1.285722499994912,-0.4776095266453058,1.5870835517642694,-0.5298096970953858,-0.5303312150198976,0.9222211187635337,-0.7812208126592922,-0.33706199571432977,0.8326648088336482,0.0025382202706893814,-0.5015620156764883,2.044834259850677,-0.5015620156764883,-0.4968730149821545,-0.5109149126021805,1
-0.758855578128715,0.27798902889413746,1.0473583703240443,-0.5298096970953858,0.5014415768476076,0.33294244862709044,1.2800478223256477,-0.8494644565752013,0.4771290236783756,0.9543708217792066,-0.5015620156764883,-0.48903718977841476,1.9937713956493237,-0.4968730149821545,-0.5109149126021805,1
-0.055079471943301914,-1.4888826706985443,-1.3127121878355354,-0.5298096970953858,0.1575173128917725,1.511499788899977,-0.7812208126592922,0.15790551602639932,1.1882005939889206,0.6370932879430342,-0.5015620156764883,-0.48903718977841476,1.9937713956493237,-0.4968730149821545,-0.5109149126021805,0
0.9756328776082356,0.07505665830461979,-0.06095587642140118,-0.5298096970953858,-1.5621040068874026,1.511499788899977,-0.7812208126592922,-0.16470826606775174,0.8326648088336482,0.6370932879430342,-0.5015620156764883,-0.48903718977841476,-0.5015620156764883,2.0125866566448884,-0.5109149126021805,1
1.137981641378634,0.09103170488354105,-0.21772679565555042,-0.5298096970953858,-0.5303312150198976,-0.25633622150935287,-0.7812208126592922,1.4260587332234318,-0.589478331787442,1.5889258894515514,-0.5015620156764883,2.044834259850677,-0.5015620156764883,-0.4968730149821545,-0.5109149126021805,0
-0.38971436239575236,0.4809464446514938,-1.6634825704001839,-0.5298096970953858,-1.2181797429315677,-1.4348935617822394,1.2800478223256477,-0.6854792755858484,-0.9450141169427145,1.271648355615379,-0.5015620156764883,2.044834259850677,-0.5015620156764883,-0.4968730149821545,-0.5109149126021805,0
1.2952833821531753,0.6457965069387608,-0.6096145326744906,2.7205565427536076,-1.5621040068874026,-1.4348935617822394,-0.7812208126592922,1.194584598036079,-0.9450141169427145,-0.6320168474016554,-0.5015620156764883,2.044834259850677,-0.5015620156764883,-0.4968730149821545,-0.5109149126021805,0
0.17968993529072025,1.3516627931668062,1.1745613930627847,-0.5298096970953858,1.5332143687151127,-0.25633622150935287,-0.7812208126592922,0.5820176273727302,-1.3005499020979872,0.3198157541068618,-0.5015620156764883,-0.48903718977841476,-0.5015620156764883,2.0125866566448884,-0.5109149126021805,1
1.3257811995527022,-1.6963100393708532,0.3603217466605922,0.5536457161876118,1.5332143687151127,-1.4348935617822394,-0.7812208126592922,0.4666330666131935,-1.6560856872532597,-0.6320168474016554,-0.5015620156764883,-0.48903718977841476,-0.5015620156764883,2.0125866566448884,-0.5109149126021805,0
-0.31252254081720493,0.8978306570908527,-1.6876212345239308,0.5536457161876118,-1.5621040068874026,0.33294244862709044,-0.7812208126592922,-0.5063616054332448,0.12159323852310308,-0.6320168474016554,-0.5015620156764883,2.044834259850677,-0.5015620156764883,-0.4968730149821545,-0.5109149126021805,0
0.9245869537052622,-1.215545402248833,0.93187362929323,-0.5298096970953858,0.8453658408034426,-0.25633622150935287,-0.7812208126592922,1.4160639132824808,0.8326648088336482,0.3198157541068618,1.9937713956493237,-0.48903718977841476,-0.5015620156764883,-0.4968730149821545,-0.5109149126021805,1
-1.0937620855689218,0.4586804775010779,-1.6787055205489891,0.5536457161876118,-1.5621040068874026,-1.4348935617822394,-0.7812208126592922,0.42171963004640384,-1.6560856872532597,1.271648355615379,-0.5015620156764883,2.044834259850677,-0.5015620156764883,-0.4968730149821545,-0.5109149126021805,0
-1.1966095726699633,0.25819881422474306,-1.3213942072967055,0.5536457161876118,-0.8742554789757326,1.511499788899977,-0.7812208126592922,-0.92772242746814,0.4771290236783756,-1.2665719150740002,-0.5015620156764883,-0.48903718977841476,-0.5015620156764883,-0.4968730149821545,1.9572730709832327,0
1.7021728032513403,-0.902381913160358,0.6378586297268963,-0.5298096970953858,1.1892901047592777,0.33294244862709044,1.2800478223256477,-1.318383121972598,0.4771290236783756,-0.314739313565483,-0.5015620156764883,-0.48903718977841476,-0.5015620156764883,2.0125866566448884,-0.5109149126021805,1
0.9011284614633055,1.1337272958629512,-1.0593850456223908,0.5536457161876118,0.5014415768476076,0.9222211187635337,-0.7812208126592922,0.7487925958067833,-0.9450141169427145,-1.5838494489101727,-0.5015620156764883,-0.48903718977841476,1.9937713956493237,-0.4968730149821545,-0.5109149126021805,0
-0.1997030162164191,1.3986636445550988,-1.6541640376410183,-0.5298096970953858,0.5014415768476076,0.33294244862709044,-0.7812208126592922,0.02750250186909057,-0.589478331787442,0.6370932879430342,-0.5015620156764883,-0.48903718977841476,-0.5015620156764883,2.0125866566448884,-0.5109149126021805,1
1.50440323400597,1.6704654425506313,-0.6973669500703953,-0.5298096970953858,-0.5303312150198976,1.511499788899977,-0.7812208126592922,-1.5720297613822534,-1.3005499020979872,-0.9492943812378278,-0.5015620156764883,2.044834259850677,-0.5015620156764883,-0.4968730149821545,-0.5109149126021805,1
0.47022478789625693,-1.716381960686866,-1.2171245324550148,1.6371011294706097,1.5332143687151127,-0.8456148916457962,-0.7812208126592922,1.1738158200671531,1.1882005939889206,0.9543708217792066,-0.5015620156764883,-0.48903718977841476,-0.5015620156764883,-0.4968730149821545,1.9572730709832327,0
1.4175155304558462,0.4000839419798974,1.0363068802335473,0.5536457161876118,0.1575173128917725,0.9222211187635337,1.2800478223256477,1.5114351148709748,1.1882005939889206,1.5889258894515514,1.9937713956493237,-0.48903718977841476,-0.5015620156764883,-0.4968730149821545,-0.5109149126021805,1
-1.3326901687187882,0.5473390402830399,-0.7365888409182946,-0.5298096970953858,1.5332143687151127,0.9222211187635337,-0.7812208126592922,0.01892091165080659,0.4771290236783756,0.0025382202706893814,-0.5015620156764883,2.044834259850677,-0.5015620156764883,-0.4968730149821545,-0.5109149126021805,1
1.4215976645432145,1.376558132421982,0.19356657955873158,-0.5298096970953858,-0.5303312150198976,1.511499788899977,-0.7812208126592922,0.9422111786697114,1.1882005939889206,1.271648355615379,-0.5015620156764883,-0.48903718977841476,-0.5015620156764883,2.0125866566448884,-0.5109149126021805,1
-1.4613389723073287,1.2741275483636936,1.4002551515951607,-0.5298096970953858,-0.8742554789757326,-1.4348935617822394,-0.7812208126592922,0.14603180477907313,0.4771290236783756,-0.314739313565483,1.9937713956493237,-0.48903718977841476,-0.5015620156764883,-0.4968730149821545,-0.5109149126021805,1
-0.7497057411820193,1.633543414496388,0.0347536006775732,-0.5298096970953858,1.1892901047592777,0.33294244862709044,-0.7812208126592922,0.1745836826798661,0.4771290236783756,1.271648355615379,1.9937713956493237,-0.48903718977841476,-0.5015620156764883,-0.4968730149821545,-0.5109149126021805,1
-0.7569176037839692,1.6623063399703486,1.5432788336416796,-0.5298096970953858,1.5332143687151127,0.33294244862709044,-0.7812208126592922,-0.5654440121390004,1.1882005939889206,-1.2665719150740002,-0.5015620156764883,-0.48903718977841476,-0.5015620156764883,2.0125866566448884,-0.5109149126021805,1
1.290503590684643,0.9342219190905855,-0.050730448629805004,0.5536457161876118,-1.2181797429315677,-1.4348935617822394,1.2800478223256477,0.2935340993992466,-0.23394254663216946,0.9543708217792066,-0.5015620156764883,-0.48903718977841476,1.9937713956493237,-0.4968730149821545,-0.5109149126021805,1
-1.5559174086565932,0.03661895784180731,-0.7764855022745677,-0.5298096970953858,1.5332143687151127,-1.4348935617822394,-0.7812208126592922,0.7902325705715383,-0.589478331787442,0.9543708217792066,-0.5015620156764883,-0.48903718977841476,-0.5015620156764883,-0.4968730149821545,1.9572730709832327,0
-0.34962220532389016,1.3879633578896153,-1.68898600805108,0.5536457161876118,1.5332143687151127,-0.8456148916457962,1.2800478223256477,-0.5774976754124469,1.5437363791441934,-0.6320168474016554,-0.5015620156764883,-0.48903718977841476,1.9937713956493237,-0.4968730149821545,-0.5109149126021805,0
-1.4373300441192383,-0.06967573496900054,0.7626345909555826,-0.5298096970953858,1.1892901047592777,0.9222211187635337,-0.7812208126592922,-0.5528323182012954,-0.589478331787442,0.9543708217792066,1.9937713956493237,-0.48903718977841476,-0.5015620156764883,-0.4968730149821545,-0.5109149126021805,0
-1.6401275637982227,0.6249386895167597,-0.2008818832163104,-0.5298096970953858,-0.18640695106406252,-0.8456148916457962,1.2800478223256477,0.2717997011518469,0.12159323852310308,-0.6320168474016554,-0.5015620156764883,2.044834259850677,-0.5015620156764883,-0.4968730149821545,-0.5109149126021805,1
0.725057066118106,-1.2481751361101796,0.45330547360119067,-0.5298096970953858,-0.8742554789757326,1.511499788899977,-0.7812208126592922,0.5759338757134318,-0.589478331787442,1.271648355615379,-0.5015620156764883,-0.48903718977841476,-0.5015620156764883,-0.4968730149821545,1.9572730709832327,1
1.171905252613252,1.4964950171934963,1.3906769193993196,-0.5298096970953858,0.5014415768476076,-0.8456148916457962,-0.7812208126592922,0.6797888308961686,-0.23394254663216946,0.6370932879430342,1.9937713956493237,-0.48903718977841476,-0.5015620156764883,-0.4968730149821545,-0.5109149126021805,1
1.4878427176966862,0.43008824133535506,-1.6150424189772976,-0.5298096970953858,-1.5621040068874026,0.33294244862709044,1.2800478223256477,-0.9994512287570684,-0.23394254663216946,-0.9492943812378278,1.9937713956493237,-0.48903718977841476,-0.5015620156764883,-0.4968730149821545,-0.5109149126021805,0
-1.0084734105653168,-1.1208395418658386,-0.5480983670021389,-0.5298096970953858,0.8453658408034426,-0.25633622150935287,-0.7812208126592922,1.7414719235648202,-0.23394254663216946,0.6370932879430342,-0.5015620156764883,-0.48903718977841476,-0.5015620156764883,-0.4968730149821545,1.9572730709832327,1
0.6220603736977103,1.2542832905601151,1.213733195322998,0.5536457161876118,0.8453658408034426,0.9222211187635337,-0.7812208126592922,0.4634749026915501,-0.9450141169427145,1.271648355615379,-0.5015620156764883,2.044834259850677,-0.5015620156764883,-0.4968730149821545,-0.5109149126021805,1
1.4747559636975116,0.5563195356543272,-1.3785666262502358,-0.5298096970953858,0.8453658408034426,0.33294244862709044,-0.7812208126592922,1.7482550463666722,1.1882005939889206,1.5889258894515514,-0.5015620156764883,2.044834259850677,-0.5015620156764883,-0.4968730149821545,-0.5109149126021805,0
-0.4196726697661426,1.4949766847487032,-0.8966817681267595,-0.5298096970953858,-0.8742554789757326,-1.4348935617822394,1.2800478223256477,0.12579282240554374,-0.589478331787442,-0.9492943812378278,-0.5015620156764883,2.044834259850677,-0.5015620156764883,-0.4968730149821545,-0.5109149126021805,0
-0.3209471819396815,0.7870616316479173,-0.6226921775992914,0.5536457161876118,0.5014415768476076,1.511499788899977,1.2800478223256477,-0.2297771522446427,-0.23394254663216946,0.6370932879430342,1.9937713956493237,-0.48903718977841476,-0.5015620156764883,-0.4968730149821545,-0.5109149126021805,1
0.5939034407534736,-1.6532643536803047,-0.41953846566741476,2.7205565427536076,-0.5303312150198976,-1.4348935617822394,1.2800478223256477,1.3892663507332759,0.12159323852310308,0.9543708217792066,-0.5015620156764883,2.044834259850677,-0.5015620156764883,-0.4968730149821545,-0.5109149126021805,0
0.8739402806818403,-0.5029413973605574,-1.5490742114513818,-0.5298096970953858,-0.18640695106406252,0.9222211187635337,1.2800478223256477,1.1491226752891837,1.5437363791441934,1.271648355615379,-0.5015620156764883,2.044834259850677,-0.5015620156764883,-0.4968730149821545,-0.5109149126021805,1
-0.45238969401386375,-0.08037034691449839,-0.05086557792189016,-0.5298096970953858,-1.5621040068874026,-1.4348935617822394,-0.7812208126592922,-1.678645988791199,-1.6560856872532597,-0.9492943812378278,-0.5015620156764883,-0.48903718977841476,1.9937713956493237,-0.4968730149821545,-0.5109149126021805,0
0.008087710225209717,0.29947234425979946,0.0023344488559459533,-0.5298096970953858,-0.5303312150198976,0.33294244862709044,-0.7812208126592922,-0.9545000331168377,0.8326648088336482,-1.5838494489101727,-0.5015620156764883,-0.48903718977841476,-0.5015620156764883,2.0125866566448884,-0.5109149126021805,1
0.1433499496313095,0.9876350507189513,-1.1546277405217333,-0.5298096970953858,-1.5621040068874026,-1.4348935617822394,-0.7812208126592922,1.4475567195642827,0.4771290236783756,-1.5838494489101727,-0.5015620156764883,-0.48903718977841476,1.9937713956493237,-0.4968730149821545,-0.5109149126021805,0
0.6872849106134785,0.934202765309764,-0.7680120549733296,-0.5298096970953858,0.1575173128917725,-0.8456148916457962,1.2800478223256477,-1.3265806923270127,1.1882005939889206,0.0025382202706893814,-0.5015620156764883,2.044834259850677,-0.5015620156764883,-0.4968730149821545,-0.5109149126021805,1
-1.1555051953029856,1.1793015208001192,-0.7128526769656002,-0.5298096970953858,-0.8742554789757326,0.9222211187635337,-0.7812208126592922,-0.8184810603468341,1.5437363791441934,-1.2665719150740002,-0.5015620156764883,-0.48903718977841476,-0.5015620156764883,-0.4968730149821545,1.9572730709832327,0
0.11731459576431817,1.0235044672037341,-1.0435813186226617,-0.5298096970953858,-0.5303312150198976,-0.8456148916457962,-0.7812208126592922,-1.4006982726539041,0.8326648088336482,-0.9492943812378278,-0.5015620156764883,-0.48903718977841476,1.9937713956493237,-0.4968730149821545,-0.5109149126021805,0
-0.856569944394932,-1.2689110364597793,0.4212254599169509,-0.5298096970953858,-0.18640695106406252,1.511499788899977,-0.7812208126592922,-0.07539292188637871,-0.589478331787442,-0.314739313565483,-0.5015620156764883,-0.48903718977841476,-0.5015620156764883,-0.4968730149821545,1.9572730709832327,0
-0.27919460032709326,1.1425880855820207,-0.2855404553731324,0.5536457161876118,0.5014415768476076,0.33294244862709044,1.2800478223256477,0.6268841737743349,-0.589478331787442,0.0025382202706893814,1.9937713956493237,-0.48903718977841476,-0.5015620156764883,-0.4968730149821545,-0.5109149126021805,1
0.9800170410082425,0.043680588461091845,-1.2384712108310654,-0.5298096970953858,1.5332143687151127,0.33294244862709044,1.2800478223256477,-0.7554233875445076,-1.3005499020979872,1.271648355615379,1.9937713956493237,-0.48903718977841476,-0.5015620156764883,-0.4968730149821545,-0.5109149126021805,1
0.1558886771618217,0.8097791562542793,1.166981728671661,-0.5298096970953858,-1.5621040068874026,-0.25633622150935287,-0.7812208126592922,1.2266584487585426,-0.9450141169427145,-1.5838494489101727,-0.5015620156764883,-0.48903718977841476,-0.5015620156764883,2.0125866566448884,-0.5109149126021805,1
1.6211561574430755,1.4170155182349586,0.33240344759339796,1.6371011294706097,1.5332143687151127,0.33294244862709044,-0.7812208126592922,-0.9310742544964566,0.8326648088336482,-1.5838494489101727,-0.5015620156764883,-0.48903718977841476,-0.5015620156764883,2.0125866566448884,-0.5109149126021805,1
-1.3119726469521786,1.4386902550013623,0.7250238480530657,-0.5298096970953858,0.8453658408034426,-0.25633622150935287,1.2800478223256477,-1.312341146905872,0.12159323852310308,-0.9492943812378278,-0.5015620156764883,-0.48903718977841476,1.9937713956493237,-0.4968730149821545,-0.5109149126021805,1
-1.067538441922907,-0.15566102306520577,1.5088995002665577,2.7205565427536076,0.8453658408034426,-0.25633622150935287,1.2800478223256477,-1.4572680958213826,-0.9450141169427145,-0.314739313565483,-0.5015620156764883,-0.48903718977841476,1.9937713956493237,-0.4968730149821545,-0.5109149126021805,0
-0.7026285201931339,1.0629653627148203,-0.6428910599104782,-0.5298096970953858,1.1892901047592777,1.511499788899977,-0.7812208126592922,-0.23291947518830985,0.4771290236783756,1.271648355615379,-0.5015620156764883,2.044834259850677,-0.5015620156764883,-0.4968730149821545,-0.5109149126021805,1
-0.5865960677861134,1.2454729171714523,-0.7814183468914652,0.5536457161876118,-1.2181797429315677,1.511499788899977,-0.7812208126592922,0.6116088182252905,-0.589478331787442,1.5889258894515514,-0.5015620156764883,2.044834259850677,-0.5015620156764883,-0.4968730149821545,-0.5109149126021805,0
1.5765903362010993,-0.8124388348747639,-0.057880751127268294,-0.5298096970953858,1.1892901047592777,-0.25633622150935287,-0.7812208126592922,1.0601210087156772,-0.23394254663216946,0.3198157541068618,-0.5015620156764883,-0.48903718977841476,-0.5015620156764883,2.0125866566448884,-0.5109149126021805,1
0.7418057408718087,1.6460036037258434,1.2982399687254491,-0.5298096970953858,1.5332143687151127,-1.4348935617822394,-0.7812208126592922,-1.4414996238549007,1.5437363791441934,1.271648355615379,-0.5015620156764883,-0.48903718977841476,-0.5015620156764883,-0.4968730149821545,1.9572730709832327,1
1.088607343256995,0.10257749563911572,1.3478317956389863,-0.5298096970953858,1.1892901047592777,0.9222211187635337,-0.7812208126592922,1.3128758059991597,1.5437363791441934,-0.9492943812378278,-0.5015620156764883,-0.48903718977841476,-0.5015620156764883,2.0125866566448884,-0.5109149126021805,1
-1.0204673175741528,-1.4427942333731902,-0.7508089271118873,-0.5298096970953858,-0.18640695106406252,1.511499788899977,-0.7812208126592922,-1.2637052455345859,-0.589478331787442,0.3198157541068618,-0.5015620156764883,-0.48903718977841476,-0.5015620156764883,2.0125866566448884,-0.5109149126021805,0
0.3866401939912636,-0.33252692968447983,-0.5406133985335744,-0.5298096970953858,-0.8742554789757326,0.33294244862709044,-0.7812208126592922,0.9997946279469428,1.5437363791441934,-0.6320168474016554,-0.5015620156764883,-0.48903718977841476,1.9937713956493237,-0.4968730149821545,-0.5109149126021805,0
1.7132313969978747,-0.9278295829928419,-0.4400693816975338,-0.5298096970953858,-0.5303312150198976,0.33294244862709044,1.2800478223256477,-0.09525661534515847,1.1882005939889206,-1.2665719150740002,-0.5015620156764883,-0.48903718977841476,1.9937713956493237,-0.4968730149821545,-0.5109149126021805,1
1.429186357419967,1.6706075632944422,1.0011248532435297,-0.5298096970953858,0.1575173128917725,0.33294244862709044,1.2800478223256477,-1.087576436859939,1.5437363791441934,1.271648355615379,-0.5015620156764883,-0.48903718977841476,-0.5015620156764883,2.0125866566448884,-0.5109149126021805,1
0.49024482716662465,0.2942114876868046,0.5227943484274377,-0.5298096970953858,-1.2181797429315677,-0.8456148916457962,-0.7812208126592922,0.010855513271460894,0.4771290236783756,0.6370932879430342,-0.5015620156764883,2.044834259850677,-0.5015620156764883,-0.4968730149821545,-0.5109149126021805,1
-0.553413858206878,-1.3179784722877856,-1.595055906205256,-0.5298096970953858,1.5332143687151127,-0.25633622150935287,1.2800478223256477,0.7603056869192992,-1.6560856872532597,0.6370932879430342,1.9937713956493237,-0.48903718977841476,-0.5015620156764883,-0.4968730149821545,-0.5109149126021805,1
-0.07384944935191597,-0.85686040961219,-0.7697888702174097,-0.5298096970953858,1.5332143687151127,0.33294244862709044,-0.7812208126592922,-1.5904542668792423,0.12159323852310308,-1.5838494489101727,1.9937713956493237,-0.48903718977841476,-0.5015620156764883,-0.4968730149821545,-0.5109149126021805,0
-0.07396081501816186,0.5803790482869402,0.4262179375012482,-0.5298096970953858,0.5014415768476076,-1.4348935617822394,-0.7812208126592922,1.0042822196211842,1.5437363791441934,-1.5838494489101727,-0.5015620156764883,-0.48903718977841476,1.9937713956493237,-0.4968730149821545,-0.5109149126021805,1
-1.3663761066019071,1.2369857618800502,-0.16660689485626998,-0.5298096970953858,0.8453658408034426,-0.25633622150935287,-0.7812208126592922,0.5822591193747005,0.12159323852310308,0.3198157541068618,-0.5015620156764883,-0.48903718977841476,1.9937713956493237,-0.4968730149821545,-0.5109149126021805,1
0.9264951914156948,0.3448780725169605,-1.027916145709449,-0.5298096970953858,-0.5303312150198976,-1.4348935617822394,1.2800478223256477,0.7640487526178444,-0.23394254663216946,-0.314739313565483,1.9937713956493237,-0.48903718977841476,-0.5015620156764883,-0.4968730149821545,-0.5109149126021805,1
-1.2017499536655432,0.24984776860360902,0.3036948529561762,2.7205565427536076,-0.18640695106406252,-0.25633622150935287,-0.7812208126592922,-1.6572502660273694,1.5437363791441934,1.5889258894515514,-0.5015620156764883,-0.48903718977841476,-0.5015620156764883,2.0125866566448884,-0.5109149126021805,0
-0.06178824790908399,-0.9428230960688154,-0.4198747571294589,-0.5298096970953858,-1.2181797429315677,-0.8456148916457962,-0.7812208126592922,0.1993296423355212,0.8326648088336482,-0.9492943812378278,-0.5015620156764883,-0.48903718977841476,-0.5015620156764883,-0.4968730149821545,1.9572730709832327,0
1.250736185663365,-1.0528382877773463,-0.15891441276901314,1.6371011294706097,-0.8742554789757326,1.511499788899977,-0.7812208126592922,-0.21005646991740534,-0.9450141169427145,-1.2665719150740002,-0.5015620156764883,-0.48903718977841476,1.9937713956493237,-0.4968730149821545,-0.5109149126021805,0
-0.8351432259001518,-0.24026057637409695,0.7436378246290598,-0.5298096970953858,-0.5303312150198976,-0.8456148916457962,1.2800478223256477,0.5358803347709056,1.1882005939889206,-0.6320168474016554,-0.5015620156764883,2.044834259850677,-0.5015620156764883,-0.4968730149821545,-0.5109149126021805,0
-0.009676163259992114,-1.7250806463810566,0.7235619705952158,-0.5298096970953858,-0.5303312150198976,-0.8456148916457962,1.2800478223256477,1.1471057079411342,0.4771290236783756,0.0025382202706893814,1.9937713956493237,-0.48903718977841476,-0.5015620156764883,-0.4968730149821545,-0.5109149126021805,1
0.12135167805790473,0.33032844387723176,0.1448779942166576,-0.5298096970953858,1.5332143687151127,-0.25633622150935287,1.2800478223256477,1.82810214843514,-0.589478331787442,0.3198157541068618,-0.5015620156764883,2.044834259850677,-0.5015620156764883,-0.4968730149821545,-0.5109149126021805,1
-0.10095434232319259,0.04123520957997605,0.03002598183609264,-0.5298096970953858,1.5332143687151127,-1.4348935617822394,-0.7812208126592922,-0.19712095672241625,-1.3005499020979872,0.9543708217792066,-0.5015620156764883,-0.48903718977841476,-0.5015620156764883,2.0125866566448884,-0.5109149126021805,1
-0.4951835599976177,-1.3796139768706004,0.0611442475208085,-0.5298096970953858,-0.5303312150198976,-0.25633622150935287,-0.7812208126592922,-0.04357536411696082,-0.9450141169427145,-1.2665719150740002,-0.5015620156764883,2.044834259850677,-0.5015620156764883,-0.4968730149821545,-0.5109149126021805,0
1.058777749203785,0.49259762620827685,-1.7161319828179114,-0.5298096970953858,1.5332143687151127,0.9222211187635337,1.2800478223256477,-0.9829462116656877,-0.9450141169427145,-0.9492943812378278,-0.5015620156764883,-0.48903718977841476,1.9937713956493237,-0.4968730149821545,-0.5109149126021805,1
0.9613665483585551,-0.9462537109161137,-0.7409515052668454,-0.5298096970953858,0.5014415768476076,-0.8456148916457962,-0.7812208126592922,0.12518074878870777,-0.9450141169427145,-1.2665719150740002,-0.5015620156764883,-0.48903718977841476,1.9937713956493237,-0.4968730149821545,-0.5109149126021805,0
1.6426974705055224,1.6458173927996882,-1.5136278719270313,-0.5298096970953858,1.1892901047592777,1.511499788899977,1.2800478223256477,-1.0101423039434196,0.8326648088336482,-0.314739313565483,-0.5015620156764883,-0.48903718977841476,-0.5015620156764883,2.0125866566448884,-0.5109149126021805,1
1.2608466522062851,-0.26067936195021507,-1.1976298132106193,0.5536457161876118,-1.5621040068874026,-0.25633622150935287,1.2800478223256477,0.1322109115235131,1.1882005939889206,1.271648355615379,-0.5015620156764883,-0.48903718977841476,-0.5015620156764883,2.0125866566448884,-0.5109149126021805,0
0.22320925979821776,-0.8025965112527779,-1.6800069783018892,-0.5298096970953858,-1.5621040068874026,0.33294244862709044,-0.7812208126592922,-1.6353233814684491,0.8326648088336482,0.6370932879430342,-0.5015620156764883,2.044834259850677,-0.5015620156764883,-0.4968730149821545,-0.5109149126021805,0
1.4351931405419176,0.4070419805530042,-1.3342457781068884,-0.5298096970953858,-1.5621040068874026,0.9222211187635337,-0.7812208126592922,0.05542229780736878,-0.9450141169427145,-1.2665719150740002,-0.5015620156764883,-0.48903718977841476,1.9937713956493237,-0.4968730149821545,-0.5109149126021805,1
-1.5612386388157369,-0.64464586065114,0.07223099285960984,-0.5298096970953858,1.5332143687151127,-1.4348935617822394,1.2800478223256477,-1.307162934107803,-1.3005499020979872,0.3198157541068618,-0.5015620156764883,-0.48903718977841476,-0.5015620156764883,2.0125866566448884,-0.5109149126021805,1
-0.8305918695447299,-0.03020639327556965,-1.5532722071503249,-0.5298096970953858,0.1575173128917725,-0.8456148916457962,-0.7812208126592922,0.8050453166512321,-0.589478331787442,-0.9492943812378278,-0.5015620156764883,-0.48903718977841476,-0.5015620156764883,2.0125866566448884,-0.5109149126021805,0
-1.0402299244186832,0.001542332487021907,-1.2946770027465162,-0.5298096970953858,-0.8742554789757326,-0.8456148916457962,1.2800478223256477,-1.0404670086079009,1.1882005939889206,0.6370932879430342,-0.5015620156764883,-0.48903718977841476,-0.5015620156764883,-0.4968730149821545,1.9572730709832327,1
-1.4127885915950122,-0.14902992994379274,1.2500357691272468,1.6371011294706097,0.1575173128917725,-0.25633622150935287,-0.7812208126592922,0.932409214313464,0.8326648088336482,1.271648355615379,-0.5015620156764883,-0.48903718977841476,-0.5015620156764883,2.0125866566448884,-0.5109149126021805,1
0.7730220351602893,0.2853352687053165,-0.01674833472013653,-0.5298096970953858,-0.18640695106406252,-1.4348935617822394,-0.7812208126592922,-1.2338410581335284,0.8326648088336482,-0.6320168474016554,-0.5015620156764883,-0.48903718977841476,-0.5015620156764883,2.0125866566448884,-0.5109149126021805,0
-1.088856857146678,-1.4641570612129153,-0.019654859870400165,-0.5298096970953858,1.1892901047592777,-1.4348935617822394,-0.7812208126592922,0.05975804476682614,1.1882005939889206,1.271648355615379,-0.5015620156764883,-0.48903718977841476,-0.5015620156764883,-0.4968730149821545,1.9572730709832327,0
0.44458934853635873,1.5496285083274945,-0.11158086732071636,-0.5298096970953858,-1.2181797429315677,0.33294244862709044,-0.7812208126592922,0.9849205100781193,-1.6560856872532597,-0.314739313565483,-0.5015620156764883,-0.48903718977841476,-0.5015620156764883,-0.4968730149821545,1.9572730709832327,0
-1.5713736526569553,-1.5380387708722754,1.4204592143250767,-0.5298096970953858,1.5332143687151127,-0.25633622150935287,-0.7812208126592922,-0.5206219567661398,0.4771290236783756,-0.6320168474016554,1.9937713956493237,-0.48903718977841476,-0.5015620156764883,-0.4968730149821545,-0.5109149126021805,1
-0.16687503760304048,-1.7191852376969448,-1.329529935039562,-0.5298096970953858,-1.2181797429315677,-0.25633622150935287,1.2800478223256477,0.959465368444328,0.12159323852310308,0.9543708217792066,-0.5015620156764883,-0.48903718977841476,1.9937713956493237,-0.4968730149821545,-0.5109149126021805,0
1.5290643987597514,0.8697689540009349,0.6599856291549735,0.5536457161876118,-0.5303312150198976,0.33294244862709044,-0.7812208126592922,0.6578721986837555,0.12159323852310308,1.271648355615379,-0.5015620156764883,-0.48903718977841476,-0.5015620156764883,2.0125866566448884,-0.5109149126021805,1
1.1046324384789212,1.2365439577651212,-0.21328133764702434,3.804011956036605,-1.2181797429315677,-0.25633622150935287,-0.7812208126592922,1.6173340760672303,-1.6560856872532597,1.271648355615379,-0.5015620156764883,-0.48903718977841476,-0.5015620156764883,2.0125866566448884,-0.5109149126021805,0
-0.6748345269925362,-1.6013824826968959,-0.40684091955162566,-0.5298096970953858,-0.18640695106406252,1.511499788899977,-0.7812208126592922,0.5841053311169817,0.12159323852310308,0.3198157541068618,-0.5015620156764883,-0.48903718977841476,-0.5015620156764883,2.0125866566448884,-0.5109149126021805,0
-0.40051622897767336,1.0641145787211934,1.34819180303737,-0.5298096970953858,-0.18640695106406252,-0.8456148916457962,1.2800478223256477,-0.6592372075451932,-0.589478331787442,1.271648355615379,-0.5015620156764883,-0.48903718977841476,-0.5015620156764883,2.0125866566448884,-0.5109149126021805,1
-1.6115072102968782,0.442653004990108,-1.0165253650638286,2.7205565427536076,0.1575173128917725,-0.8456148916457962,1.2800478223256477,1.7403611360692692,-1.3005499020979872,-1.2665719150740002,-0.5015620156764883,-0.48903718977841476,-0.5015620156764883,-0.4968730149821545,1.9572730709832327,0
1.119264738567661,-0.5510050192017452,-0.808226349872288,0.5536457161876118,-0.8742554789757326,0.9222211187635337,-0.7812208126592922,1.2149112655566694,0.4771290236783756,-0.314739313565483,-0.5015620156764883,-0.48903718977841476,-0.5015620156764883,2.0125866566448884,-0.5109149126021805,0
-0.3545352973186485,-1.3697832945647308,0.4835189258175109,1.6371011294706097,0.5014415768476076,-1.4348935617822394,1.2800478223256477,-0.5900089619809677,-0.589478331787442,-0.314739313565483,-0.5015620156764883,-0.48903718977841476,-0.5015620156764883,2.0125866566448884,-0.5109149126021805,0
1.508609460485106,1.1021158561767121,-0.5387701786795285,3.804011956036605,-0.5303312150198976,0.9222211187635337,-0.7812208126592922,0.7474152073836791,-0.9450141169427145,0.6370932879430342,-0.5015620156764883,-0.48903718977841476,1.9937713956493237,-0.4968730149821545,-0.5109149126021805,0
-0.7609574169609473,1.2656783155576623,-1.7242072593283206,-0.5298096970953858,0.1575173128917725,1.511499788899977,-0.7812208126592922,-1.2348284482735117,0.8326648088336482,0.9543708217792066,-0.5015620156764883,2.044834259850677,-0.5015620156764883,-0.4968730149821545,-0.5109149126021805,1
0.41507298359326855,0.5930976676019273,-0.8359375197836268,0.5536457161876118,0.5014415768476076,0.33294244862709044,-0.7812208126592922,0.8035180996800217,0.8326648088336482,-1.2665719150740002,-0.5015620156764883,-0.48903718977841476,1.9937713956493237,-0.4968730149821545,-0.5109149126021805,1
-1.3954455005147004,-1.3309002449080987,-1.0572621366205406,-0.5298096970953858,1.5332143687151127,1.511499788899977,-0.7812208126592922,-1.0679477463151117,0.12159323852310308,1.5889258894515514,1.9937713956493237,-0.48903718977841476,-0.5015620156764883,-0.4968730149821545,-0.5109149126021805,0
1.5038787144639996,-1.2823168349237493,-0.5681370205255637,-0.5298096970953858,1.1892901047592777,-0.8456148916457962,1.2800478223256477,-0.7560743025262189,-0.589478331787442,0.6370932879430342,-0.5015620156764883,-0.48903718977841476,1.9937713956493237,-0.4968730149821545,-0.5109149126021805,1
1.3261200507916235,-0.8522143080426007,-0.24582932972749022,-0.5298096970953858,0.1575173128917725,0.33294244862709044,-0.7812208126592922,1.7850906692931494,-0.9450141169427145,-0.9492943812378278,1.9937713956493237,-0.48903718977841476,-0.5015620156764883,-0.4968730149821545,-0.5109149126021805,1
0.09815756911208223,0.4641355578610074,0.7798721447185449,1.6371011294706097,-0.18640695106406252,-1.4348935617822394,-0.7812208126592922,-1.233497397100944,-1.3005499020979872,-1.2665719150740002,-0.5015620156764883,-0.48903718977841476,-0.5015620156764883,2.0125866566448884,-0.5109149126021805,0
1.5396884664509227,-0.9992181693901578,0.5910758465292077,1.6371011294706097,0.8453658408034426,0.33294244862709044,-0.7812208126592922,0.740859200045452,-1.3005499020979872,-1.2665719150740002,-0.5015620156764883,-0.48903718977841476,1.9937713956493237,-0.4968730149821545,-0.5109149126021805,1
0.7047239895417805,-0.05280975130804143,-0.24774931201487949,-0.5298096970953858,1.5332143687151127,-0.8456148916457962,1.2800478223256477,-0.5290063370386666,0.4771290236783756,-0.314739313565483,-0.5015620156764883,-0.48903718977841476,-0.5015620156764883,-0.4968730149821545,1.9572730709832327,1
-0.13600550391348162,-1.114829350742841,0.8640182216169352,-0.5298096970953858,0.5014415768476076,-0.25633622150935287,1.2800478223256477,-1.5952167498333436,-1.6560856872532597,-0.314739313565483,-0.5015620156764883,-0.48903718977841476,-0.5015620156764883,2.0125866566448884,-0.5109149126021805,0
-1.5395246968479772,0.4907085850021207,-0.40810698994777184,0.5536457161876118,-1.5621040068874026,-0.8456148916457962,-0.7812208126592922,0.6980307943318615,-0.23394254663216946,0.3198157541068618,1.9937713956493237,-0.48903718977841476,-0.5015620156764883,-0.4968730149821545,-0.5109149126021805,0
-1.0508946291817038,1.4320833613935746,-0.31428938051509325,-0.5298096970953858,0.5014415768476076,0.9222211187635337,-0.7812208126592922,-1.4018913147184622,-0.9450141169427145,0.0025382202706893814,-0.5015620156764883,-0.48903718977841476,1.9937713956493237,-0.4968730149821545,-0.5109149126021805,1
1.5911734226034429,1.605403065507968,1.1062057659321773,0.5536457161876118,1.1892901047592777,1.511499788899977,-0.7812208126592922,-1.651729708617736,0.4771290236783756,1.5889258894515514,1.9937713956493237,-0.48903718977841476,-0.5015620156764883,-0.4968730149821545,-0.5109149126021805,1
1.3823565618013636,-1.360347859846038,0.7066962331566246,-0.5298096970953858,1.1892901047592777,-0.8456148916457962,-0.7812208126592922,0.7628029762718822,1.1882005939889206,0.0025382202706893814,-0.5015620156764883,-0.48903718977841476,-0.5015620156764883,2.0125866566448884,-0.5109149126021805,1
-1.358197467732051,-0.25572367527055906,-1.397008575771199,-0.5298096970953858,-0.5303312150198976,0.9222211187635337,1.2800478223256477,1.3875754477022697,-0.9450141169427145,0.0025382202706893814,-0.5015620156764883,-0.48903718977841476,-0.5015620156764883,2.0125866566448884,-0.5109149126021805,0
-1.208034833382065,0.11727445665126064,0.03527714382778393,-0.5298096970953858,0.8453658408034426,0.33294244862709044,-0.7812208126592922,0.6650966800003689,0.8326648088336482,0.9543708217792066,1.9937713956493237,-0.48903718977841476,-0.5015620156764883,-0.4968730149821545,-0.5109149126021805,0
-1.421682197719554,-0.08234530652599092,1.0832743329721943,-0.5298096970953858,-0.8742554789757326,0.9222211187635337,-0.7812208126592922,0.39952897753427236,0.8326648088336482,0.0025382202706893814,-0.5015620156764883,-0.48903718977841476,1.9937713956493237,-0.4968730149821545,-0.5109149126021805,1
-0.6784857430418858,1.429165572519917,1.495262097815048,-0.5298096970953858,-1.2181797429315677,-0.25633622150935287,-0.7812208126592922,0.5797976209860151,-0.589478331787442,0.9543708217792066,1.9937713956493237,-0.48903718977841476,-0.5015620156764883,-0.4968730149821545,-0.5109149126021805,1
-1.5882161951363758,1.3480327614304155,1.3769634914836293,-0.5298096970953858,1.5332143687151127,0.9222211187635337,-0.7812208126592922,-1.0189873855076303,-0.589478331787442,-0.9492943812378278,1.9937713956493237,-0.48903718977841476,-0.5015620156764883,-0.4968730149821545,-0.5109149126021805,1
-0.8366648634298941,-1.0221303439767255,-1.259099940154759,0.5536457161876118,1.1892901047592777,-0.8456148916457962,-0.7812208126592922,0.7172482621529801,-0.9450141169427145,-1.5838494489101727,-0.5015620156764883,2.044834259850677,-0.5015620156764883,-0.4968730149821545,-0.5109149126021805,0
-0.12660556684460486,0.5106924096723572,-0.756988516929659,-0.5298096970953858,-1.2181797429315677,0.9222211187635337,1.2800478223256477,-0.6055757528029291,1.1882005939889206,-1.5838494489101727,-0.5015620156764883,-0.48903718977841476,-0.5015620156764883,2.0125866566448884,-0.5109149126021805,1
0.004655351026317816,-0.8537570363890661,0.8562741553563139,1.6371011294706097,-0.8742554789757326,-1.4348935617822394,-0.7812208126592922,-1.0044940879261202,1.1882005939889206,1.5889258894515514,-0.5015620156764883,-0.48903718977841476,1.9937713956493237,-0.4968730149821545,-0.5109149126021805,0
0.928980139453858,0.029374787339439306,1.1162459936095608,3.804011956036605,0.5014415768476076,-0.8456148916457962,-0.7812208126592922,0.18614502956227516,-0.589478331787442,0.9543708217792066,-0.5015620156764883,-0.48903718977841476,-0.5015620156764883,2.0125866566448884,-0.5109149126021805,0
1.2395061107317482,0.32390527483630827,-1.3472247763740366,-0.5298096970953858,-1.5621040068874026,-0.8456148916457962,-0.7812208126592922,-1.2475283025858566,-1.6560856872532597,0.3198157541068618,-0.5015620156764883,2.044834259850677,-0.5015620156764883,-0.4968730149821545,-0.5109149126021805,0
-1.0749279630074287,0.8254101120672014,-0.7349383985042105,-0.5298096970953858,-0.18640695106406252,-0.25633622150935287,-0.7812208126592922,-1.3093350736140266,-0.9450141169427145,-0.9492943812378278,-0.5015620156764883,-0.48903718977841476,-0.5015620156764883,2.0125866566448884,-0.5109149126021805,0
1.398321442148499,-0.6280123390664737,-1.5846312516902374,1.6371011294706097,1.5332143687151127,0.9222211187635337,-0.7812208126592922,0.4473819138104023,0.8326648088336482,1.5889258894515514,-0.5015620156764883,2.044834259850677,-0.5015620156764883,-0.4968730149821545,-0.5109149126021805,0
0.7640401122349032,0.8531119517253414,0.4485136852411831,0.5536457161876118,-0.8742554789757326,-1.4348935617822394,1.2800478223256477,-1.4907047798288038,0.4771290236783756,1.271648355615379,-0.5015620156764883,2.044834259850677,-0.5015620156764883,-0.4968730149821545,-0.5109149126021805,1
0.24322866733908197,0.019419027477692013,0.07202006652468187,0.5536457161876118,-1.2181797429315677,-0.25633622150935287,1.2800478223256477,0.04323396489489371,-0.23394254663216946,-1.2665719150740002,-0.5015620156764883,-0.48903718977841476,-0.5015620156764883,-0.4968730149821545,1.9572730709832327,1
0.9071528555988368,1.1397058971765506,-1.4647209451694587,-0.5298096970953858,0.5014415768476076,0.9222211187635337,-0.7812208126592922,-0.775655093506065,-1.3005499020979872,-0.6320168474016554,1.9937713956493237,-0.48903718977841476,-0.5015620156764883,-0.4968730149821545,-0.5109149126021805,0
-1.4236930046958005,-0.5218229848137348,-1.162361001886558,-0.5298096970953858,0.5014415768476076,0.9222211187635337,1.2800478223256477,-0.12094111549110599,0.12159323852310308,-0.314739313565483,1.9937713956493237,-0.48903718977841476,-0.5015620156764883,-0.4968730149821545,-0.5109149126021805,0
-0.4102330044734005,0.1892850247385202,-0.23608090255499958,-0.5298096970953858,1.1892901047592777,0.33294244862709044,1.2800478223256477,1.6320846078471805,0.12159323852310308,0.3198157541068618,-0.5015620156764883,-0.48903718977841476,-0.5015620156764883,2.0125866566448884,-0.5109149126021805,1
0.30145966924314915,-0.6182497984261227,-1.2473173091647336,-0.5298096970953858,-1.2181797429315677,-0.8456148916457962,-0.7812208126592922,1.2806044275181545,-1.6560856872532597,0.0025382202706893814,-0.5015620156764883,-0.48903718977841476,-0.5015620156764883,-0.4968730149821545,1.9572730709832327,0
-1.169876897655307,1.493127364566854,0.2571753790495982,-0.5298096970953858,0.1575173128917725,1.511499788899977,-0.7812208126592922,0.19470406648597546,-0.23394254663216946,-0.9492943812378278,-0.5015620156764883,-0.48903718977841476,1.9937713956493237,-0.4968730149821545,-0.5109149126021805,1
-1.3909654410618388,-1.2579143893185176,1.5789475070739623,0.5536457161876118,0.8453658408034426,0.9222211187635337,1.2800478223256477,-1.3511170964870791,-0.23394254663216946,-1.5838494489101727,1.9937713956493237,-0.48903718977841476,-0.5015620156764883,-0.4968730149821545,-0.5109149126021805,1
-0.0027527983254341548,0.5927997415394687,1.113736270036291,-0.5298096970953858,1.5332143687151127,-0.25633622150935287,1.2800478223256477,-0.255618286126419,-1.3005499020979872,-0.6320168474016554,-0.5015620156764883,-0.48903718977841476,1.9937713956493237,-0.4968730149821545,-0.5109149126021805,1
0.8176635745663657,-0.2713434826474961,1.2672501693585894,1.6371011294706097,0.5014415768476076,-1.4348935617822394,-0.7812208126592922,-0.9982463431158651,-1.3005499020979872,0.3198157541068618,1.9937713956493237,-0.48903718977841476,-0.5015620156764883,-0.4968730149821545,-0.5109149126021805,0
-1.1164401257719259,-0.6874438374458643,0.8434229649462894,-0.5298096970953858,0.5014415768476076,-1.4348935617822394,-0.7812208126592922,-0.9751612680055998,0.12159323852310308,-0.314739313565483,1.9937713956493237,-0.48903718977841476,-0.5015620156764883,-0.4968730149821545,-0.5109149126021805,1
1.6978060098536616,0.6355508018052995,-0.8366496207639647,0.5536457161876118,0.8453658408034426,-0.8456148916457962,1.2800478223256477,-0.2206937658742802,-0.9450141169427145,0.0025382202706893814,1.9937713956493237,-0.48903718977841476,-0.5015620156764883,-0.4968730149821545,-0.5109149126021805,0
0.13491508436554048,-0.7055577454612842,0.9845550439177628,0.5536457161876118,0.5014415768476076,1.511499788899977,-0.7812208126592922,-0.6958380278241981,-0.589478331787442,0.0025382202706893814,-0.5015620156764883,-0.48903718977841476,-0.5015620156764883,-0.4968730149821545,1.9572730709832327,1
1.0954329418625013,1.2090828090121812,-0.40579243611075333,-0.5298096970953858,0.5014415768476076,1.511499788899977,-0.7812208126592922,0.10133340999739322,-0.589478331787442,-0.314739313565483,-0.5015620156764883,-0.48903718977841476,-0.5015620156764883,-0.4968730149821545,1.9572730709832327,1
-0.7174330944854824,1.2235869799715777,1.3420244135819113,-0.5298096970953858,-0.18640695106406252,-0.25633622150935287,1.2800478223256477,-0.19790462352939386,-0.9450141169427145,0.0025382202706893814,1.9937713956493237,-0.48903718977841476,-0.5015620156764883,-0.4968730149821545,-0.5109149126021805,1
-0.7167795572751187,0.6452796672502321,1.2430498078181138,-0.5298096970953858,-0.18640695106406252,-1.4348935617822394,-0.7812208126592922,-0.9458688975620015,1.5437363791441934,0.0025382202706893814,-0.5015620156764883,-0.48903718977841476,-0.5015620156764883,2.0125866566448884,-0.5109149126021805,0
-1.040053383220982,1.2684522176498327,0.3885752131952301,-0.5298096970953858,1.1892901047592777,-0.8456148916457962,-0.7812208126592922,0.3597200612451289,-1.6560856872532597,1.271648355615379,-0.5015620156764883,-0.48903718977841476,-0.5015620156764883,-0.4968730149821545,1.9572730709832327,1
1.1626555335516033,0.6871012352610967,0.7297673135282444,-0.5298096970953858,1.1892901047592777,-0.8456148916457962,-0.7812208126592922,-0.9506947219985871,-0.9450141169427145,0.3198157541068618,-0.5015620156764883,-0.48903718977841476,1.9937713956493237,-0.4968730149821545,-0.5109149126021805,1
1.5153602028618351,1.535750628041572,-0.18616628241258074,2.7205565427536076,-0.18640695106406252,0.33294244862709044,-0.7812208126592922,-0.3013692228725274,0.4771290236783756,1.5889258894515514,-0.5015620156764883,2.044834259850677,-0.5015620156764883,-0.4968730149821545,-0.5109149126021805,0
1.4712737220357728,0.0797306126907656,1.1896801186980415,-0.5298096970953858,-1.5621040068874026,0.33294244862709044,-0.7812208126592922,-0.8003000165696055,-1.3005499020979872,-1.5838494489101727,-0.5015620156764883,2.044834259850677,-0.5015620156764883,-0.4968730149821545,-0.5109149126021805,1
0.5158311696360223,1.6581031738142213,1.0379444604649455,-0.5298096970953858,-0.5303312150198976,-0.25633622150935287,-0.7812208126592922,-0.13231732314727462,0.8326648088336482,-0.6320168474016554,-0.5015620156764883,-0.48903718977841476,-0.5015620156764883,2.0125866566448884,-0.5109149126021805,1
1.1224932426803085,-1.4382452222720086,0.4552579197427256,-0.5298096970953858,-0.18640695106406252,-1.4348935617822394,1.2800478223256477,0.17710674930144538,-1.6560856872532597,-0.314739313565483,1.9937713956493237,-0.48903718977841476,-0.5015620156764883,-0.4968730149821545,-0.5109149126021805,0
1.0733729738614766,-1.4228363073311614,-0.21368725931511953,0.5536457161876118,0.8453658408034426,-0.8456148916457962,-0.7812208126592922,0.057065031696778616,-0.23394254663216946,-0.9492943812378278,-0.5015620156764883,-0.48903718977841476,1.9937713956493237,-0.4968730149821545,-0.5109149126021805,0
1.3729402889181694,-0.3522656428398874,0.7563363517747115,-0.5298096970953858,0.1575173128917725,1.511499788899977,-0.7812208126592922,0.9556715376317281,0.8326648088336482,1.5889258894515514,-0.5015620156764883,-0.48903718977841476,-0.5015620156764883,2.0125866566448884,-0.5109149126021805,1
-0.8488158983928884,-1.234894765951573,-0.1318649433132953,-0.5298096970953858,1.5332143687151127,-0.8456148916457962,-0.7812208126592922,-1.1035062390567432,0.8326648088336482,0.6370932879430342,1.9937713956493237,-0.48903718977841476,-0.5015620156764883,-0.4968730149821545,-0.5109149126021805,1
-1.0078167894322214,-0.3598309749233646,-0.3119834510066816,-0.5298096970953858,-0.8742554789757326,-0.8456148916457962,-0.7812208126592922,-0.6325130653930942,0.12159323852310308,0.0025382202706893814,1.9937713956493237,-0.48903718977841476,-0.5015620156764883,-0.4968730149821545,-0.5109149126021805,0
-0.16950441234440855,0.1301504044070958,0.27266336719194934,-0.5298096970953858,1.5332143687151127,-0.25633622150935287,-0.7812208126592922,0.6565621276522565,0.12159323852310308,0.6370932879430342,-0.5015620156764883,-0.48903718977841476,1.9937713956493237,-0.4968730149821545,-0.5109149126021805,1
0.4585491909174423,1.6754921565193088,0.7811241114928481,-0.5298096970953858,0.1575173128917725,-0.25633622150935287,1.2800478223256477,-0.1988430539929665,-1.6560856872532597,0.3198157541068618,-0.5015620156764883,2.044834259850677,-0.5015620156764883,-0.4968730149821545,-0.5109149126021805,1
-1.4414652587786851,-0.9227178094434687,0.7805344745083261,-0.5298096970953858,0.5014415768476076,0.9222211187635337,1.2800478223256477,-0.13751223420455086,1.1882005939889206,0.3198157541068618,1.9937713956493237,-0.48903718977841476,-0.5015620156764883,-0.4968730149821545,-0.5109149126021805,1
-0.44784012906528586,0.318456529701004,-0.9120343236928757,-0.5298096970953858,0.5014415768476076,0.33294244862709044,1.2800478223256477,1.0921833022070204,0.12159323852310308,0.0025382202706893814,-0.5015620156764883,-0.48903718977841476,-0.5015620156764883,-0.4968730149821545,1.9572730709832327,1
-0.6114754230301,-0.9384135741473447,-1.4963657001076776,-0.5298096970953858,1.1892901047592777,-0.25633622150935287,-0.7812208126592922,-1.1225363003186248,-0.23394254663216946,-1.5838494489101727,1.9937713956493237,-0.48903718977841476,-0.5015620156764883,-0.4968730149821545,-0.5109149126021805,0
0.4644089823518087,-1.5987607840208016,-1.6944086256490911,-0.5298096970953858,0.5014415768476076,-1.4348935617822394,-0.7812208126592922,-0.6906490053066289,-0.23394254663216946,1.5889258894515514,1.9937713956493237,-0.48903718977841476,-0.5015620156764883,-0.4968730149821545,-0.5109149126021805,0
-0.4830520621971193,1.248167393077071,-0.19051528831875894,-0.5298096970953858,0.5014415768476076,-1.4348935617822394,-0.7812208126592922,0.8136834210837587,0.12159323852310308,0.6370932879430342,-0.5015620156764883,-0.48903718977841476,-0.5015620156764883,-0.4968730149821545,1.9572730709832327,1
-0.15154830612936263,-0.7698511654971375,1.2701263354441428,-0.5298096970953858,1.5332143687151127,-1.4348935617822394,1.2800478223256477,1.1303368716730355,1.1882005939889206,0.3198157541068618,-0.5015620156764883,2.044834259850677,-0.5015620156764883,-0.4968730149821545,-0.5109149126021805,1
0.027778980474119655,1.0435164953128255,-0.3599267703104911,-0.5298096970953858,0.8453658408034426,-0.8456148916457962,1.2800478223256477,0.7260107926026964,0.12159323852310308,-1.5838494489101727,-0.5015620156764883,-0.48903718977841476,-0.5015620156764883,-0.4968730149821545,1.9572730709832327,1
-0.3349807353566895,-0.19597287743008762,1.6828697821305802,-0.5298096970953858,0.1575173128917725,-0.25633622150935287,-0.7812208126592922,1.0815290560019812,0.4771290236783756,-0.314739313565483,-0.5015620156764883,-0.48903718977841476,-0.5015620156764883,2.0125866566448884,-0.5109149126021805,1
0.0961436289493382,-0.1773609398737191,-0.20316645800768224,-0.5298096970953858,0.8453658408034426,-0.8456148916457962,1.2800478223256477,-1.2834525685045781,0.12159323852310308,-0.6320168474016554,-0.5015620156764883,-0.48903718977841476,-0.5015620156764883,-0.4968730149821545,1.9572730709832327,1
-0.4096506436266655,-0.21663563522088472,1.140142425458168,3.804011956036605,-0.18640695106406252,-1.4348935617822394,1.2800478223256477,0.4085458130423688,-0.23394254663216946,-1.5838494489101727,-0.5015620156764883,-0.48903718977841476,1.9937713956493237,-0.4968730149821545,-0.5109149126021805,1
1.6853999982668098,-0.6928350900384543,-0.7400165261515531,-0.5298096970953858,-0.18640695106406252,0.33294244862709044,-0.7812208126592922,-0.7625664154868707,0.12159323852310308,-0.314739313565483,-0.5015620156764883,-0.48903718977841476,1.9937713956493237,-0.4968730149821545,-0.5109149126021805,0
0.8076775415906894,0.6918251324638888,1.4778154893699196,-0.5298096970953858,1.5332143687151127,1.511499788899977,1.2800478223256477,0.5410646557399277,-1.6560856872532597,0.3198157541068618,1.9937713956493237,-0.48903718977841476,-0.5015620156764883,-0.4968730149821545,-0.5109149126021805,1
-0.05748385320669706,-0.15201265779096806,-1.48487182280584,-0.5298096970953858,1.5332143687151127,-0.25633622150935287,-0.7812208126592922,1.2790378834631049,1.5437363791441934,1.5889258894515514,-0.5015620156764883,2.044834259850677,-0.5015620156764883,-0.4968730149821545,-0.5109149126021805,1
0.7835486391800767,-1.104427123973476,0.7732487053404168,-0.5298096970953858,0.5014415768476076,0.33294244862709044,-0.7812208126592922,0.3022792935281668,0.8326648088336482,-0.6320168474016554,-0.5015620156764883,2.044834259850677,-0.5015620156764883,-0.4968730149821545,-0.5109149126021805,1
-0.7247137857912571,1.2336401004385902,1.121553187177718,-0.5298096970953858,1.5332143687151127,-0.25633622150935287,1.2800478223256477,-0.8005018032532074,-0.589478331787442,-0.314739313565483,-0.5015620156764883,-0.48903718977841476,-0.5015620156764883,2.0125866566448884,-0.5109149126021805,1
-0.8983878274814017,0.5075426863705497,1.6580268681750108,0.5536457161876118,1.5332143687151127,-1.4348935617822394,-0.7812208126592922,-1.2548987527961597,1.1882005939889206,-0.6320168474016554,1.9937713956493237,-0.48903718977841476,-0.5015620156764883,-0.4968730149821545,-0.5109149126021805,0
0.31896585702141567,0.4439484553208369,1.5771972163771217,-0.5298096970953858,0.5014415768476076,0.33294244862709044,-0.7812208126592922,-0.7248059920424259,0.8326648088336482,0.6370932879430342,1.9937713956493237,-0.48903718977841476,-0.5015620156764883,-0.4968730149821545,-0.5109149126021805,0
1.641583654971877,1.259004352959646,-0.151809669912273,-0.5298096970953858,1.5332143687151127,-0.8456148916457962,1.2800478223256477,-1.2264392794477417,-0.589478331787442,1.5889258894515514,-0.5015620156764883,2.044834259850677,-0.5015620156764883,-0.4968730149821545,-0.5109149126021805,1
-1.1209997515102725,0.7472864813317524,1.277989786854559,-0.5298096970953858,0.8453658408034426,-0.8456148916457962,1.2800478223256477,1.5047077360086945,0.4771290236783756,0.9543708217792066,-0.5015620156764883,-0.48903718977841476,-0.5015620156764883,2.0125866566448884,-0.5109149126021805,1
0.17595616360544905,-0.08917983771456048,1.660601771830724,-0.5298096970953858,-1.2181797429315677,0.33294244862709044,1.2800478223256477,0.8932104355603627,-0.589478331787442,0.9543708217792066,-0.5015620156764883,-0.48903718977841476,1.9937713956493237,-0.4968730149821545,-0.5109149126021805,1
0.02394576005641022,0.585524738686098,0.7153750566138638,-0.5298096970953858,-0.5303312150198976,-1.4348935617822394,1.2800478223256477,1.1742353242145849,0.12159323852310308,1.271648355615379,-0.5015620156764883,-0.48903718977841476,1.9937713956493237,-0.4968730149821545,-0.5109149126021805,1
-1.6373849134484735,0.20544508608624654,-0.9453657233226007,-0.5298096970953858,-1.5621040068874026,0.9222211187635337,1.2800478223256477,0.2713666920152758,1.1882005939889206,-1.5838494489101727,-0.5015620156764883,-0.48903718977841476,-0.5015620156764883,-0.4968730149821545,1.9572730709832327,0
0.9051172412602754,0.6840067748639773,0.46293717230391196,-0.5298096970953858,-0.5303312150198976,-0.25633622150935287,1.2800478223256477,0.4043985495525545,-1.6560856872532597,1.271648355615379,-0.5015620156764883,-0.48903718977841476,1.9937713956493237,-0.4968730149821545,-0.5109149126021805,1
-0.4155703671021891,0.6265759091785332,1.5890770737785038,-0.5298096970953858,1.5332143687151127,-0.8456148916457962,-0.7812208126592922,0.23449505228730522,-0.23394254663216946,-0.314739313565483,-0.5015620156764883,-0.48903718977841476,-0.5015620156764883,2.0125866566448884,-0.5109149126021805,1
0.20195848343602602,-0.8899833006712202,1.3947162749574897,-0.5298096970953858,-0.5303312150198976,-0.8456148916457962,-0.7812208126592922,-0.38724183678535423,0.4771290236783756,1.5889258894515514,-0.5015620156764883,-0.48903718977841476,-0.5015620156764883,-0.4968730149821545,1.9572730709832327,1
-0.6816211394487018,-1.6198645144558628,0.5554834764241633,0.5536457161876118,-0.8742554789757326,-0.8456148916457962,1.2800478223256477,-0.43014562691981356,-0.23394254663216946,-0.314739313565483,1.9937713956493237,-0.48903718977841476,-0.5015620156764883,-0.4968730149821545,-0.5109149126021805,0
-1.2911979341443693,-1.3991795366117563,0.7432152436621153,-0.5298096970953858,-1.2181797429315677,0.33294244862709044,1.2800478223256477,0.26350925599241903,0.4771290236783756,-0.9492943812378278,-0.5015620156764883,2.044834259850677,-0.5015620156764883,-0.4968730149821545,-0.5109149126021805,1
-1.1538193094403086,-1.2219001084731347,0.7204692400835451,-0.5298096970953858,1.5332143687151127,-0.25633622150935287,1.2800478223256477,1.7714773214236803,-1.3005499020979872,0.3198157541068618,-0.5015620156764883,2.044834259850677,-0.5015620156764883,-0.4968730149821545,-0.5109149126021805,1
-0.1349943911242017,-1.1399249470791517,-0.08779032474618713,-0.5298096970953858,-0.18640695106406252,0.9222211187635337,1.2800478223256477,0.0126636722040352,1.5437363791441934,0.0025382202706893814,-0.5015620156764883,-0.48903718977841476,-0.5015620156764883,2.0125866566448884,-0.5109149126021805,1
-1.641894717009923,1.0226304640547044,-0.9792941362723842,3.804011956036605,0.1575173128917725,0.33294244862709044,-0.7812208126592922,0.6777869239847486,-0.9450141169427145,1.5889258894515514,-0.5015620156764883,-0.48903718977841476,-0.5015620156764883,2.0125866566448884,-0.5109149126021805,0
-0.8319031682536233,0.5961454120591103,-1.2375895660526741,-0.5298096970953858,0.1575173128917725,0.9222211187635337,1.2800478223256477,1.5758355631073797,0.12159323852310308,1.5889258894515514,-0.5015620156764883,-0.48903718977841476,-0.5015620156764883,2.0125866566448884,-0.5109149126021805,1
-1.0470708520061718,-0.14316927237683783,0.9862248559498044,-0.5298096970953858,-0.18640695106406252,0.9222211187635337,-0.7812208126592922,1.2762529182091533,-0.589478331787442,-0.9492943812378278,-0.5015620156764883,-0.48903718977841476,1.9937713956493237,-0.4968730149821545,-0.5109149126021805,1
0.6643228820056012,-1.5123108998631791,-0.9537394403770221,-0.5298096970953858,0.5014415768476076,1.511499788899977,1.2800478223256477,1.661141671924138,0.4771290236783756,-1.5838494489101727,1.9937713956493237,-0.48903718977841476,-0.5015620156764883,-0.4968730149821545,-0.5109149126021805,1
-1.0818478876786417,0.11288744645848603,1.151814807156695,-0.5298096970953858,-0.18640695106406252,0.9222211187635337,-0.7812208126592922,-0.3853427789162624,-0.9450141169427145,-0.9492943812378278,1.9937713956493237,-0.48903718977841476,-0.5015620156764883,-0.4968730149821545,-0.5109149126021805,1
1.5002572822618885,0.40816833638491756,0.06553553897289244,-0.5298096970953858,0.5014415768476076,-0.25633622150935287,-0.7812208126592922,-1.4051031085114165,-1.6560856872532597,-0.9492943812378278,-0.5015620156764883,-0.48903718977841476,-0.5015620156764883,-0.4968730149821545,1.9572730709832327,1
0.8467537609091172,0.9988122484219503,-0.25368810088409,0.5536457161876118,-0.8742554789757326,0.33294244862709044,-0.7812208126592922,-0.3781913798088283,-0.9450141169427145,-0.6320168474016554,-0.5015620156764883,-0.48903718977841476,-0.5015620156764883,2.0125866566448884,-0.5109149126021805,1
-1.128715920299358,1.450391909376931,0.5136634407639721,-0.5298096970953858,0.8453658408034426,-1.4348935617822394,1.2800478223256477,-1.2538266219030072,0.8326648088336482,0.0025382202706893814,-0.5015620156764883,-0.48903718977841476,-0.5015620156764883,-0.4968730149821545,1.9572730709832327,1
-1.2020376383393148,1.6054321676222076,1.4287054692338614,-0.5298096970953858,0.5014415768476076,1.511499788899977,-0.7812208126592922,0.32216195674757137,1.5437363791441934,1.271648355615379,-0.5015620156764883,-0.48903718977841476,-0.5015620156764883,-0.4968730149821545,1.9572730709832327,1
0.25543429203147805,1.1470241497881835,-1.6053034068233019,-0.5298096970953858,-1.2181797429315677,0.33294244862709044,1.2800478223256477,0.9347788919079683,1.1882005939889206,1.5889258894515514,-0.5015620156764883,-0.48903718977841476,1.9937713956493237,-0.4968730149821545,-0.5109149126021805,1
1.6966052557071305,0.38211421570672893,-1.3828860240078802,-0.5298096970953858,1.5332143687151127,-1.4348935617822394,-0.7812208126592922,-0.3997810896605234,-1.3005499020979872,-0.6320168474016554,-0.5015620156764883,-0.48903718977841476,1.9937713956493237,-0.4968730149821545,-0.5109149126021805,0
0.17941660984627666,-0.5355032168632262,-0.5887839898134325,0.5536457161876118,0.1575173128917725,0.33294244862709044,1.2800478223256477,-0.4443105861738599,-0.589478331787442,0.0025382202706893814,-0.5015620156764883,-0.48903718977841476,-0.5015620156764883,-0.4968730149821545,1.9572730709832327,0
-1.0727926327324617,-0.9599962043851112,0.8475562124535287,-0.5298096970953858,-0.18640695106406252,0.33294244862709044,1.2800478223256477,1.1037567071505707,-0.9450141169427145,1.271648355615379,-0.5015620156764883,-0.48903718977841476,-0.5015620156764883,2.0125866566448884,-0.5109149126021805,1
-0.48631965178196573,-0.18918269672940355,1.46912214946936,1.6371011294706097,-1.2181797429315677,-0.25633622150935287,1.2800478223256477,0.31629051855342577,-0.589478331787442,0.3198157541068618,-0.5015620156764883,-0.48903718977841476,-0.5015620156764883,-0.4968730149821545,1.9572730709832327,1
0.04268565063174047,-1.6983278036798404,-1.2446365034055276,-0.5298096970953858,1.5332143687151127,-0.8456148916457962,-0.7812208126592922,-0.5716508790507038,0.8326648088336482,0.0025382202706893814,1.9937713956493237,-0.48903718977841476,-0.5015620156764883,-0.4968730149821545,-0.5109149126021805,0
0.11815380603631936,0.20862601198540548,1.367945585514403,-0.5298096970953858,-0.5303312150198976,1.511499788899977,-0.7812208126592922,-0.3200492606877985,0.4771290236783756,0.6370932879430342,-0.5015620156764883,-0.48903718977841476,-0.5015620156764883,-0.4968730149821545,1.9572730709832327,1
1.2687846687047257,-0.33749768001338004,-1.158063521675497,-0.5298096970953858,-1.2181797429315677,-0.25633622150935287,1.2800478223256477,-0.26172898474567624,0.12159323852310308,0.6370932879430342,-0.5015620156764883,-0.48903718977841476,1.9937713956493237,-0.4968730149821545,-0.5109149126021805,0
0.5820065480731681,1.2490123364451728,0.3631291630339613,0.5536457161876118,0.5014415768476076,1.511499788899977,-0.7812208126592922,-1.159255090159022,-0.23394254663216946,-0.6320168474016554,1.9937713956493237,-0.48903718977841476,-0.5015620156764883,-0.4968730149821545,-0.5109149126021805,0
0.22789966344610507,-0.26267094279594266,0.23875987744013707,-0.5298096970953858,0.1575173128917725,-1.4348935617822394,1.2800478223256477,1.6539296608426235,-0.9450141169427145,1.271648355615379,-0.5015620156764883,-0.48903718977841476,-0.5015620156764883,2.0125866566448884,-0.5109149126021805,1
-0.4355413184122419,-0.6899411006087798,1.1976170645134872,-0.5298096970953858,0.1575173128917725,-1.4348935617822394,1.2800478223256477,1.1242266791100632,1.5437363791441934,-0.6320168474016554,-0.5015620156764883,2.044834259850677,-0.5015620156764883,-0.4968730149821545,-0.5109149126021805,1
-0.6903042878954284,0.2220727661595545,1.2189203644216562,-0.5298096970953858,1.5332143687151127,-0.8456148916457962,-0.7812208126592922,-0.3439248673386837,1.5437363791441934,0.9543708217792066,1.9937713956493237,-0.48903718977841476,-0.5015620156764883,-0.4968730149821545,-0.5109149126021805,1
-1.3601564305742844,-1.505482263439801,-0.8333729742605234,-0.5298096970953858,-0.5303312150198976,0.33294244862709044,-0.7812208126592922,0.5716330690814011,0.4771290236783756,0.0025382202706893814,-0.5015620156764883,2.044834259850677,-0.5015620156764883,-0.4968730149821545,-0.5109149126021805,0
1.3055323681101803,0.25019847087168273,-1.2057373186362639,1.6371011294706097,1.1892901047592777,-0.8456148916457962,-0.7812208126592922,-0.36596442367524823,1.5437363791441934,-1.5838494489101727,1.9937713956493237,-0.48903718977841476,-0.5015620156764883,-0.4968730149821545,-0.5109149126021805,0
-1.4698337144408034,1.667976240439845,-0.4893552601821973,-0.5298096970953858,-1.5621040068874026,0.9222211187635337,-0.7812208126592922,-0.998500355221403,0.12159323852310308,0.9543708217792066,-0.5015620156764883,-0.48903718977841476,-0.5015620156764883,2.0125866566448884,-0.5109149126021805,0
-0.9723675910468715,-1.504585267312488,-1.5680159178924102,0.5536457161876118,1.1892901047592777,-0.8456148916457962,1.2800478223256477,-0.23446239524489676,-0.23394254663216946,0.9543708217792066,1.9937713956493237,-0.48903718977841476,-0.5015620156764883,-0.4968730149821545,-0.5109149126021805,0
-0.510940649182799,1.561323192424056,-0.6784010206570069,-0.5298096970953858,0.1575173128917725,-0.8456148916457962,1.2800478223256477,-0.6724985731372882,0.8326648088336482,-1.5838494489101727,-0.5015620156764883,2.044834259850677,-0.5015620156764883,-0.4968730149821545,-0.5109149126021805,0
0.1407510577820697,1.4696254364447647,0.23971087197153,3.804011956036605,1.1892901047592777,-0.8456148916457962,-0.7812208126592922,-0.24008521560706278,-0.23394254663216946,-1.2665719150740002,-0.5015620156764883,2.044834259850677,-0.5015620156764883,-0.4968730149821545,-0.5109149126021805,1
1.0217451756754927,0.14019194769338514,-1.5151766934431943,0.5536457161876118,1.1892901047592777,-1.4348935617822394,-0.7812208126592922,-1.541227285574052,-1.6560856872532597,1.271648355615379,-0.5015620156764883,-0.48903718977841476,-0.5015620156764883,-0.4968730149821545,1.9572730709832327,0
-0.06397576755930144,0.9373399352711773,-0.5311353684228266,0.5536457161876118,0.1575173128917725,0.9222211187635337,1.2800478223256477,-1.226641916698967,-1.6560856872532597,-0.314739313565483,-0.5015620156764883,-0.48903718977841476,-0.5015620156764883,2.0125866566448884,-0.5109149126021805,1
0.8591493415879043,-1.3901050017548002,-0.15285907534797838,-0.5298096970953858,1.5332143687151127,-0.25633622150935287,-0.7812208126592922,1.5111018159070562,1.5437363791441934,-0.314739313565483,-0.5015620156764883,-0.48903718977841476,1.9937713956493237,-0.4968730149821545,-0.5109149126021805,1
0.22776825730453057,1.2155615814776999,-1.6627544619586647,-0.5298096970953858,-1.5621040068874026,-1.4348935617822394,-0.7812208126592922,-1.2516264808169204,-0.23394254663216946,1.5889258894515514,-0.5015620156764883,-0.48903718977841476,1.9937713956493237,-0.4968730149821545,-0.5109149126021805,0
0.36503249032187,1.146801628006424,1.610344131526572,-0.5298096970953858,-0.5303312150198976,-0.25633622150935287,-0.7812208126592922,0.16945936901188605,-0.9450141169427145,-0.6320168474016554,-0.5015620156764883,-0.48903718977841476,1.9937713956493237,-0.4968730149821545,-0.5109149126021805,1
1.0969396174649741,1.3388857930317044,-0.08798527321895472,-0.5298096970953858,-0.8742554789757326,1.511499788899977,-0.7812208126592922,-0.34898694717540873,-0.23394254663216946,1.271648355615379,-0.5015620156764883,-0.48903718977841476,1.9937713956493237,-0.4968730149821545,-0.5109149126021805,1
0.8148607103760255,-1.2790457509333464,0.15153260755367978,0.5536457161876118,0.5014415768476076,1.511499788899977,-0.7812208126592922,-1.3396290800459996,0.4771290236783756,-1.5838494489101727,-0.5015620156764883,2.044834259850677,-0.5015620156764883,-0.4968730149821545,-0.5109149126021805,0
0.5899687989373859,0.3727040163076241,0.7586461665044513,0.5536457161876118,0.5014415768476076,0.9222211187635337,1.2800478223256477,1.7663009205484708,1.5437363791441934,-0.9492943812378278,-0.5015620156764883,-0.48903718977841476,1.9937713956493237,-0.4968730149821545,-0.5109149126021805,1
-0.378655670689133,-1.2262862678493878,-0.6831102416976763,-0.5298096970953858,0.1575173128917725,1.511499788899977,-0.7812208126592922,1.0791946235090157,-1.6560856872532597,1.271648355615379,-0.5015620156764883,-0.48903718977841476,1.9937713956493237,-0.4968730149821545,-0.5109149126021805,0
0.9293533821751137,1.2801281957504955,-0.5316660613332077,-0.5298096970953858,-0.18640695106406252,0.33294244862709044,-0.7812208126592922,1.7395270469762043,-0.9450141169427145,0.9543708217792066,-0.5015620156764883,-0.48903718977841476,-0.5015620156764883,2.0125866566448884,-0.5109149126021805,0
0.8894236080439737,1.057819662930914,-0.901827265756908,-0.5298096970953858,-1.5621040068874026,-0.25633622150935287,-0.7812208126592922,1.8015297919421795,1.5437363791441934,0.6370932879430342,-0.5015620156764883,2.044834259850677,-0.5015620156764883,-0.4968730149821545,-0.5109149126021805,1
-1.6222017388299161,1.6236226712732513,-1.4895753711877948,-0.5298096970953858,-0.8742554789757326,0.33294244862709044,-0.7812208126592922,0.7506996281142259,0.8326648088336482,-1.2665719150740002,-0.5015620156764883,-0.48903718977841476,-0.5015620156764883,2.0125866566448884,-0.5109149126021805,1
-0.6370543845835692,-1.117784396119041,-0.533724670593075,0.5536457161876118,-1.2181797429315677,-0.8456148916457962,1.2800478223256477,-1.0063499887557108,1.5437363791441934,1.271648355615379,-0.5015620156764883,-0.48903718977841476,-0.5015620156764883,2.0125866566448884,-0.5109149126021805,0
-0.2466290184018772,0.7228566351269482,1.3116049354340023,-0.5298096970953858,-0.5303312150198976,0.33294244862709044,-0.7812208126592922,-1.3720493888130423,0.4771290236783756,-0.314739313565483,1.9937713956493237,-0.48903718977841476,-0.5015620156764883,-0.4968730149821545,-0.5109149126021805,1
0.19334046729741838,1.2432437054693637,0.14157800575264073,-0.5298096970953858,-1.2181797429315677,0.9222211187635337,1.2800478223256477,-0.39798519808526234,-0.589478331787442,0.6370932879430342,-0.5015620156764883,-0.48903718977841476,1.9937713956493237,-0.4968730149821545,-0.5109149126021805,1
1.5294060205916524,1.1117502951207927,-1.1681126395001074,-0.5298096970953858,-1.5621040068874026,1.511499788899977,-0.7812208126592922,-1.0025016455974634,0.8326648088336482,-0.6320168474016554,1.9937713956493237,-0.48903718977841476,-0.5015620156764883,-0.4968730149821545,-0.5109149126021805,0
-0.7404376934205676,-1.5356136114511671,-0.8160277761009707,0.5536457161876118,-0.8742554789757326,1.511499788899977,-0.7812208126592922,1.3967178842174814,1.5437363791441934,0.0025382202706893814,-0.5015620156764883,-0.48903718977841476,-0.5015620156764883,-0.4968730149821545,1.9572730709832327,0
-1.588710511459356,-1.7102040698523093,1.4593281232460056,2.7205565427536076,-0.18640695106406252,-0.25633622150935287,1.2800478223256477,0.5203148501314858,-1.6560856872532597,-1.2665719150740002,-0.5015620156764883,-0.48903718977841476,-0.5015620156764883,-0.4968730149821545,1.9572730709832327,0
-1.0784065188181229,0.31230932065330397,0.7294316210638702,2.7205565427536076,0.5014415768476076,-1.4348935617822394,-0.7812208126592922,1.6206998241564214,-1.6560856872532597,1.5889258894515514,1.9937713956493237,-0.48903718977841476,-0.5015620156764883,-0.4968730149821545,-0.5109149126021805,0
0.47652825763642825,1.0642819725314772,-0.7800883790307332,-0.5298096970953858,-1.2181797429315677,1.511499788899977,-0.7812208126592922,0.17761974098548336,1.5437363791441934,0.3198157541068618,-0.5015620156764883,-0.48903718977841476,1.9937713956493237,-0.4968730149821545,-0.5109149126021805,0
-1.3571454772847498,-1.7026436534730398,-1.5721572041742427,1.6371011294706097,1.5332143687151127,-0.8456148916457962,-0.7812208126592922,0.08155885766078848,-0.23394254663216946,-0.314739313565483,-0.5015620156764883,2.044834259850677,-0.5015620156764883,-0.4968730149821545,-0.5109149126021805,0
-1.253322904019837,1.6321581976602895,1.1863026134623411,-0.5298096970953858,-0.5303312150198976,-1.4348935617822394,1.2800478223256477,-0.1998821170230494,-1.3005499020979872,0.3198157541068618,-0.5015620156764883,-0.48903718977841476,-0.5015620156764883,2.0125866566448884,-0.5109149126021805,1
0.5776453393786468,0.004599453617057196,-1.02477136329799,1.6371011294706097,0.8453658408034426,-1.4348935617822394,-0.7812208126592922,1.6089510210593572,1.1882005939889206,0.3198157541068618,-0.5015620156764883,-0.48903718977841476,-0.5015620156764883,-0.4968730149821545,1.9572730709832327,0
-0.8434050823921257,0.4503045763511569,-0.11578114832840897,1.6371011294706097,0.8453658408034426,-0.25633622150935287,1.2800478223256477,0.07087862667013094,-0.23394254663216946,-0.314739313565483,-0.5015620156764883,-0.48903718977841476,1.9937713956493237,-0.4968730149821545,-0.5109149126021805,1
-0.9951762748478621,1.2156580352300637,0.7862050906615693,2.7205565427536076,0.1575173128917725,0.33294244862709044,-0.7812208126592922,-0.6188204083753899,1.5437363791441934,-0.6320168474016554,1.9937713956493237,-0.48903718977841476,-0.5015620156764883,-0.4968730149821545,-0.5109149126021805,0
-0.2448224964965316,1.6823855541132344,1.4407823363063454,-0.5298096970953858,-0.18640695106406252,1.511499788899977,1.2800478223256477,0.6590695375157343,-0.23394254663216946,-0.9492943812378278,-0.5015620156764883,-0.48903718977841476,-0.5015620156764883,-0.4968730149821545,1.9572730709832327,1
1.135662449905594,0.6768282132160365,-0.5576679818120057,-0.5298096970953858,1.1892901047592777,0.9222211187635337,-0.7812208126592922,-0.5827088164231782,-1.3005499020979872,0.3198157541068618,-0.5015620156764883,-0.48903718977841476,-0.5015620156764883,-0.4968730149821545,1.9572730709832327,1
0.59857998209548,-0.9806932720990503,0.6705140455036709,0.5536457161876118,1.5332143687151127,-1.4348935617822394,-0.7812208126592922,-0.2454487194294709,1.5437363791441934,-0.314739313565483,-0.5015620156764883,2.044834259850677,-0.5015620156764883,-0.4968730149821545,-0.5109149126021805,1
1.5452800214218765,0.7741843748140499,0.25744144799134916,2.7205565427536076,0.5014415768476076,0.9222211187635337,-0.7812208126592922,-0.8167915098894539,1.1882005939889206,0.0025382202706893814,-0.5015620156764883,2.044834259850677,-0.5015620156764883,-0.4968730149821545,-0.5109149126021805,1
0.48248729860731276,-0.33448171679413424,-0.696958784226768,-0.5298096970953858,-1.2181797429315677,0.9222211187635337,-0.7812208126592922,-0.10683216875708873,-1.6560856872532597,0.9543708217792066,-0.5015620156764883,-0.48903718977841476,-0.5015620156764883,-0.4968730149821545,1.9572730709832327,0
-1.3445075161114346,0.7456056069204746,-1.2086886763752218,3.804011956036605,-1.5621040068874026,-0.25633622150935287,-0.7812208126592922,-0.682073875744933,1.1882005939889206,-1.5838494489101727,-0.5015620156764883,-0.48903718977841476,1.9937713956493237,-0.4968730149821545,-0.5109149126021805,0
-0.46091735198474865,0.276506695961037,0.6841460137632059,0.5536457161876118,-0.8742554789757326,1.511499788899977,1.2800478223256477,0.10394395899047813,-1.3005499020979872,1.271648355615379,-0.5015620156764883,-0.48903718977841476,-0.5015620156764883,-0.4968730149821545,1.9572730709832327,1
-1.435207031715583,-0.8895455567105465,0.5870704843987579,0.5536457161876118,-1.2181797429315677,0.9222211187635337,1.2800478223256477,0.12820538936232004,1.5437363791441934,0.9543708217792066,-0.5015620156764883,-0.48903718977841476,-0.5015620156764883,-0.4968730149821545,1.9572730709832327,0
1.6197950288493936,0.9429003964129873,0.13981008000481196,-0.5298096970953858,-0.18640695106406252,1.511499788899977,-0.7812208126592922,1.7918809599595542,1.1882005939889206,-1.2665719150740002,-0.5015620156764883,-0.48903718977841476,-0.5015620156764883,-0.4968730149821545,1.9572730709832327,1
-0.6614404823595057,-0.4957540013107,0.20537400688376506,-0.5298096970953858,-0.5303312150198976,-0.8456148916457962,1.2800478223256477,-0.5768434543617541,1.5437363791441934,0.9543708217792066,-0.5015620156764883,2.044834259850677,-0.5015620156764883,-0.4968730149821545,-0.5109149126021805,1
-1.4492902310477769,-0.75711432591674,0.5308435373734394,-0.5298096970953858,0.1575173128917725,-1.4348935617822394,-0.7812208126592922,1.1952694989354016,-1.3005499020979872,-1.5838494489101727,-0.5015620156764883,-0.48903718977841476,-0.5015620156764883,2.0125866566448884,-0.5109149126021805,0
-1.4619670041713948,-0.2311489761115658,0.921603866243371,2.7205565427536076,-0.18640695106406252,-1.4348935617822394,1.2800478223256477,1.4685479925759033,0.8326648088336482,0.9543708217792066,-0.5015620156764883,-0.48903718977841476,-0.5015620156764883,2.0125866566448884,-0.5109149126021805,0
0.5934452306432276,-0.2566068240723521,0.8668993508768705,-0.5298096970953858,1.1892901047592777,-0.25633622150935287,1.2800478223256477,-0.11888167509351173,-1.3005499020979872,-0.314739313565483,1.9937713956493237,-0.48903718977841476,-0.5015620156764883,-0.4968730149821545,-0.5109149126021805,1
-0.5179153785783218,-1.5794731184904531,-1.347254479374837,-0.5298096970953858,1.5332143687151127,-0.25633622150935287,-0.7812208126592922,-0.4841854179249339,0.4771290236783756,-1.5838494489101727,1.9937713956493237,-0.48903718977841476,-0.5015620156764883,-0.4968730149821545,-0.5109149126021805,0
-0.9764570214536357,1.4104366611364978,-1.3788719491984094,-0.5298096970953858,-1.5621040068874026,0.33294244862709044,-0.7812208126592922,1.1422099158031007,1.1882005939889206,-0.314739313565483,1.9937713956493237,-0.48903718977841476,-0.5015620156764883,-0.4968730149821545,-0.5109149126021805,1
-0.30649374041782496,1.6355508887234345,-0.22645442153142045,-0.5298096970953858,0.1575173128917725,-0.25633622150935287,-0.7812208126592922,-0.24251582254007256,0.12159323852310308,-1.2665719150740002,-0.5015620156764883,-0.48903718977841476,-0.5015620156764883,2.0125866566448884,-0.5109149126021805,1
1.1080416242901345,-0.5676186214914267,1.561433438212184,-0.5298096970953858,0.1575173128917725,-0.8456148916457962,-0.7812208126592922,-0.1821873986096942,-1.3005499020979872,0.6370932879430342,-0.5015620156764883,2.044834259850677,-0.5015620156764883,-0.4968730149821545,-0.5109149126021805,1
-0.04865265926136357,-1.6463991337983026,-0.02115787747983602,-0.5298096970953858,0.8453658408034426,0.33294244862709044,1.2800478223256477,0.9033851056543906,-1.3005499020979872,-0.6320168474016554,-0.5015620156764883,-0.48903718977841476,-0.5015620156764883,-0.4968730149821545,1.9572730709832327,1
-0.9097934416057554,1.6194594299131133,-0.07405660942345858,-0.5298096970953858,1.5332143687151127,1.511499788899977,-0.7812208126592922,-0.575382908796546,0.4771290236783756,1.271648355615379,-0.5015620156764883,-0.48903718977841476,-0.5015620156764883,-0.4968730149821545,1.9572730709832327,1
-0.7945860010283172,0.13587041638811326,0.5005070370040311,-0.5298096970953858,0.5014415768476076,-0.8456148916457962,-0.7812208126592922,-1.3461866297528928,0.8326648088336482,0.0025382202706893814,-0.5015620156764883,-0.48903718977841476,-0.5015620156764883,-0.4968730149821545,1.9572730709832327,1
0.2607889285085578,-0.5906855031124004,1.53060525242217,-0.5298096970953858,-0.8742554789757326,-0.8456148916457962,1.2800478223256477,-0.6411888121133388,0.4771290236783756,-1.2665719150740002,-0.5015620156764883,2.044834259850677,-0.5015620156764883,-0.4968730149821545,-0.5109149126021805,1
0.4906761902556471,-0.5886051110737995,-0.5164058369043458,-0.5298096970953858,-0.8742554789757326,-0.8456148916457962,1.2800478223256477,-0.7855401701133577,0.8326648088336482,-0.9492943812378278,-0.5015620156764883,2.044834259850677,-0.5015620156764883,-0.4968730149821545,-0.5109149126021805,0
-0.7905480543256187,-0.6166393956186659,-0.6822283760726124,-0.5298096970953858,-1.5621040068874026,1.511499788899977,-0.7812208126592922,-0.2634587941372985,0.4771290236783756,-0.314739313565483,-0.5015620156764883,2.044834259850677,-0.5015620156764883,-0.4968730149821545,-0.5109149126021805,0
-1.1827808993164255,0.6521425256324238,0.7214716004782218,0.5536457161876118,1.1892901047592777,-0.8456148916457962,-0.7812208126592922,0.3360310068615612,-0.9450141169427145,0.9543708217792066,-0.5015620156764883,-0.48903718977841476,1.9937713956493237,-0.4968730149821545,-0.5109149126021805,1
-1.156601448230742,0.7892346433591233,1.3957068521437286,2.7205565427536076,-1.2181797429315677,-0.25633622150935287,-0.7812208126592922,-1.0620912755173741,-0.9450141169427145,0.9543708217792066,-0.5015620156764883,-0.48903718977841476,1.9937713956493237,-0.4968730149821545,-0.5109149126021805,0
0.34238735319746494,-1.2726285282217356,-0.36434266097206136,-0.5298096970953858,1.5332143687151127,0.9222211187635337,-0.7812208126592922,-0.23014582448100732,-0.9450141169427145,-1.2665719150740002,-0.5015620156764883,-0.48903718977841476,-0.5015620156764883,2.0125866566448884,-0.5109149126021805,1
1.040334698206178,1.0084783347985598,-0.7293638508540171,-0.5298096970953858,-0.5303312150198976,-0.25633622150935287,-0.7812208126592922,-0.39937909246614506,1.5437363791441934,-0.9492943812378278,-0.5015620156764883,-0.48903718977841476,1.9937713956493237,-0.4968730149821545,-0.5109149126021805,1
-1.1268668444040955,-0.9675835275171033,-1.0339423661472844,-0.5298096970953858,0.8453658408034426,-0.8456148916457962,-0.7812208126592922,-0.08178648798080548,-0.23394254663216946,0.0025382202706893814,-0.5015620156764883,-0.48903718977841476,1.9937713956493237,-0.4968730149821545,-0.5109149126021805,0
1.6533166329597833,-0.37467983051274834,-0.6923253394499926,-0.5298096970953858,-1.2181797429315677,-1.4348935617822394,-0.7812208126592922,0.6708448883281652,1.1882005939889206,-1.2665719150740002,-0.5015620156764883,-0.48903718977841476,-0.5015620156764883,2.0125866566448884,-0.5109149126021805,0
0.9563176068966461,0.33979713150265894,-0.032840602832185234,-0.5298096970953858,-0.8742554789757326,-0.8456148916457962,-0.7812208126592922,-0.41483752085239955,-0.9450141169427145,0.0025382202706893814,-0.5015620156764883,-0.48903718977841476,1.9937713956493237,-0.4968730149821545,-0.5109149126021805,0
0.06272152820464978,1.4406573016932502,0.6660041186344421,-0.5298096970953858,-0.18640695106406252,-0.8456148916457962,-0.7812208126592922,0.2375460389146165,-0.23394254663216946,1.5889258894515514,-0.5015620156764883,2.044834259850677,-0.5015620156764883,-0.4968730149821545,-0.5109149126021805,1
1.0252416213617535,0.0007447634140955478,-1.6489022548618562,-0.5298096970953858,1.5332143687151127,0.33294244862709044,1.2800478223256477,0.2970833630451022,1.5437363791441934,0.3198157541068618,-0.5015620156764883,-0.48903718977841476,-0.5015620156764883,2.0125866566448884,-0.5109149126021805,1
0.8976911810717698,1.4616224279214407,-0.3938300005851766,-0.5298096970953858,-0.8742554789757326,-0.8456148916457962,-0.7812208126592922,-0.4747639584310101,1.5437363791441934,1.271648355615379,-0.5015620156764883,2.044834259850677,-0.5015620156764883,-0.4968730149821545,-0.5109149126021805,1
-1.27866332982579,0.09687872148995452,-0.3932140679597483,1.6371011294706097,-1.2181797429315677,-0.25633622150935287,-0.7812208126592922,0.8571002708666631,-0.9450141169427145,-1.2665719150740002,1.9937713956493237,-0.48903718977841476,-0.5015620156764883,-0.4968730149821545,-0.5109149126021805,0
-1.4191973754650178,0.644174858025227,-1.482227879640939,-0.5298096970953858,-1.5621040068874026,1.511499788899977,-0.7812208126592922,0.453352538896903,0.8326648088336482,1.5889258894515514,1.9937713956493237,-0.48903718977841476,-0.5015620156764883,-0.4968730149821545,-0.5109149126021805,0
0.6975958575861383,-1.604523079503937,-1.5572523726095557,-0.5298096970953858,1.1892901047592777,-0.8456148916457962,1.2800478223256477,-0.4354938945797789,1.1882005939889206,-0.314739313565483,-0.5015620156764883,2.044834259850677,-0.5015620156764883,-0.4968730149821545,-0.5109149126021805,1
-1.4042297438930789,1.2362509733524631,0.7255774339147575,0.5536457161876118,-0.5303312150198976,-0.8456148916457962,-0.7812208126592922,-1.052300091514776,0.8326648088336482,1.271648355615379,-0.5015620156764883,2.044834259850677,-0.5015620156764883,-0.4968730149821545,-0.5109149126021805,0
0.16810670684131374,-1.2926226584048415,1.3079963620355493,-0.5298096970953858,-1.5621040068874026,0.33294244862709044,1.2800478223256477,1.4936870752610578,0.8326648088336482,1.5889258894515514,-0.5015620156764883,2.044834259850677,-0.5015620156764883,-0.4968730149821545,-0.5109149126021805,1
1.3855579157979045,0.9990486654528721,1.5258121991945217,-0.5298096970953858,0.1575173128917725,-1.4348935617822394,1.2800478223256477,1.447323723525329,-0.23394254663216946,-1.2665719150740002,-0.5015620156764883,-0.48903718977841476,-0.5015620156764883,-0.4968730149821545,1.9572730709832327,1
-0.8585690731282903,1.1299540213467816,-1.131192873231881,-0.5298096970953858,1.5332143687151127,-1.4348935617822394,1.2800478223256477,0.7526024770525183,-1.3005499020979872,-1.5838494489101727,-0.5015620156764883,-0.48903718977841476,-0.5015620156764883,2.0125866566448884,-0.5109149126021805,1
1.1514074652490491,0.7854463604452417,-0.6580697560167301,-0.5298096970953858,-0.18640695106406252,-0.8456148916457962,-0.7812208126592922,1.1814885669298731,1.1882005939889206,-1.2665719150740002,1.9937713956493237,-0.48903718977841476,-0.5015620156764883,-0.4968730149821545,-0.5109149126021805,1
-1.6413529981243886,0.035103476257126655,-1.3764202780976924,-0.5298096970953858,0.5014415768476076,0.9222211187635337,-0.7812208126592922,-0.5651553163675267,-0.589478331787442,0.6370932879430342,-0.5015620156764883,-0.48903718977841476,-0.5015620156764883,-0.4968730149821545,1.9572730709832327,0
0.5933232992229057,-0.2092652087544306,1.2251312905476135,0.5536457161876118,-1.5621040068874026,0.33294244862709044,-0.7812208126592922,-0.25496157667098424,-0.589478331787442,-0.9492943812378278,1.9937713956493237,-0.48903718977841476,-0.5015620156764883,-0.4968730149821545,-0.5109149126021805,1
0.5331005104540963,-0.3767784231500066,-0.9995967675733881,-0.5298096970953858,1.1892901047592777,-0.8456148916457962,1.2800478223256477,-0.28995752817345094,-0.589478331787442,0.6370932879430342,1.9937713956493237,-0.48903718977841476,-0.5015620156764883,-0.4968730149821545,-0.5109149126021805,1
1.6124241849575227,0.36269316838327925,1.5438153957979284,-0.5298096970953858,0.8453658408034426,-0.8456148916457962,-0.7812208126592922,1.7585933238747031,0.12159323852310308,-0.9492943812378278,-0.5015620156764883,-0.48903718977841476,1.9937713956493237,-0.4968730149821545,-0.5109149126021805,1
-0.8279953866164529,-1.4002515298195566,0.4423522018233742,-0.5298096970953858,-0.8742554789757326,0.9222211187635337,-0.7812208126592922,0.5625763264174921,0.8326648088336482,-1.2665719150740002,-0.5015620156764883,-0.48903718977841476,-0.5015620156764883,-0.4968730149821545,1.9572730709832327,0
0.37966362302819684,-0.881201141339255,-1.504289885802566,-0.5298096970953858,-0.5303312150198976,-0.25633622150935287,1.2800478223256477,0.8574713156126947,0.8326648088336482,0.0025382202706893814,1.9937713956493237,-0.48903718977841476,-0.5015620156764883,-0.4968730149821545,-0.5109149126021805,0
1.490839021894313,-1.1019640864851445,-1.1728071847263613,-0.5298096970953858,-1.2181797429315677,1.511499788899977,-0.7812208126592922,-0.8548348654379008,-1.6560856872532597,-1.5838494489101727,-0.5015620156764883,2.044834259850677,-0.5015620156764883,-0.4968730149821545,-0.5109149126021805,0
-0.635781996437457,-0.5723195055270611,-1.3365625430204076,-0.5298096970953858,0.1575173128917725,1.511499788899977,1.2800478223256477,0.23902739420822058,0.8326648088336482,0.6370932879430342,-0.5015620156764883,-0.48903718977841476,-0.5015620156764883,2.0125866566448884,-0.5109149126021805,0
-0.22615247049666315,1.2391556557387848,0.19035323158931458,-0.5298096970953858,0.1575173128917725,-0.8456148916457962,-0.7812208126592922,0.5908642353958754,1.5437363791441934,0.0025382202706893814,1.9937713956493237,-0.48903718977841476,-0.5015620156764883,-0.4968730149821545,-0.5109149126021805,1
0.1604499703960778,-0.698145195423162,-0.46019033256960745,-0.5298096970953858,0.1575173128917725,-0.25633622150935287,-0.7812208126592922,-0.9018332226263902,-0.23394254663216946,-0.314739313565483,-0.5015620156764883,-0.48903718977841476,-0.5015620156764883,2.0125866566448884,-0.5109149126021805,1
-0.5936292411779281,-1.3074462213252571,1.125124422803247,-0.5298096970953858,1.1892901047592777,-0.25633622150935287,-0.7812208126592922,-1.2238083630488605,-0.23394254663216946,1.271648355615379,1.9937713956493237,-0.48903718977841476,-0.5015620156764883,-0.4968730149821545,-0.5109149126021805,1
0.5040334078003632,0.1173763476307674,-0.7190918320034395,-0.5298096970953858,0.8453658408034426,-1.4348935617822394,-0.7812208126592922,-0.04299279223381184,0.8326648088336482,-1.5838494489101727,-0.5015620156764883,2.044834259850677,-0.5015620156764883,-0.4968730149821545,-0.5109149126021805,1
-0.3642757428346091,-1.670383319124131,0.26122252787895006,-0.5298096970953858,-1.2181797429315677,-0.25633622150935287,1.2800478223256477,-0.9428124348295962,0.8326648088336482,-0.6320168474016554,-0.5015620156764883,-0.48903718977841476,1.9937713956493237,-0.4968730149821545,-0.5109149126021805,0
1.004812482077953,-1.16079554383241,1.3895532745588035,-0.5298096970953858,-1.2181797429315677,-0.25633622150935287,-0.7812208126592922,-0.33798504710657845,0.8326648088336482,-0.314739313565483,-0.5015620156764883,-0.48903718977841476,-0.5015620156764883,-0.4968730149821545,1.9572730709832327,1
-0.019636095249225206,1.5429467706219469,1.4027435036551683,1.6371011294706097,-1.5621040068874026,-0.8456148916457962,-0.7812208126592922,1.4625576540412926,-0.23394254663216946,0.3198157541068618,-0.5015620156764883,2.044834259850677,-0.5015620156764883,-0.4968730149821545,-0.5109149126021805,0
0.5991298141409388,0.0685656101715125,-1.5301795998220988,-0.5298096970953858,-1.5621040068874026,-0.8456148916457962,1.2800478223256477,0.744418486755344,-1.6560856872532597,1.271648355615379,1.9937713956493237,-0.48903718977841476,-0.5015620156764883,-0.4968730149821545,-0.5109149126021805,0
1.251544032096575,-0.361325948639262,0.6581527093355767,-0.5298096970953858,1.5332143687151127,1.511499788899977,-0.7812208126592922,0.7981088538943093,-0.23394254663216946,0.0025382202706893814,-0.5015620156764883,-0.48903718977841476,-0.5015620156764883,2.0125866566448884,-0.5109149126021805,1
-1.199256929826921,-0.673376294588484,1.342784378853647,-0.5298096970953858,0.1575173128917725,0.9222211187635337,1.2800478223256477,-1.6016390446923152,1.5437363791441934,0.9543708217792066,-0.5015620156764883,-0.48903718977841476,1.9937713956493237,-0.4968730149821545,-0.5109149126021805,1
-1.5443764259501809,1.2774173977787109,1.1597223431349741,-0.5298096970953858,1.5332143687151127,-0.8456148916457962,-0.7812208126592922,-1.4861771999956004,1.5437363791441934,-0.6320168474016554,-0.5015620156764883,-0.48903718977841476,1.9937713956493237,-0.4968730149821545,-0.5109149126021805,0
-0.9398758335974745,-1.3780450649129192,-1.6028852501514605,-0.5298096970953858,0.1575173128917725,-0.8456148916457962,-0.7812208126592922,-0.7910422025400552,1.5437363791441934,0.6370932879430342,-0.5015620156764883,-0.48903718977841476,-0.5015620156764883,2.0125866566448884,-0.5109149126021805,0
0.48487978864402576,0.08270069753759669,0.010496004442438882,0.5536457161876118,-1.2181797429315677,-0.8456148916457962,1.2800478223256477,-0.4212712766149476,1.1882005939889206,0.3198157541068618,-0.5015620156764883,-0.48903718977841476,-0.5015620156764883,-0.4968730149821545,1.9572730709832327,1
1.431581675856522,0.689436645439516,-0.575494291942426,-0.5298096970953858,-0.5303312150198976,1.511499788899977,1.2800478223256477,-1.4499907473441223,1.1882005939889206,0.9543708217792066,-0.5015620156764883,-0.48903718977841476,1.9937713956493237,-0.4968730149821545,-0.5109149126021805,1
-0.09675203974350594,-1.5078742368327693,1.5455405804310842,-0.5298096970953858,-1.2181797429315677,0.9222211187635337,-0.7812208126592922,-0.46019121974889327,0.12159323852310308,1.271648355615379,-0.5015620156764883,-0.48903718977841476,1.9937713956493237,-0.4968730149821545,-0.5109149126021805,1
-1.6102720362461214,0.11279071631396746,-0.7033846625764226,-0.5298096970953858,0.1575173128917725,-1.4348935617822394,-0.7812208126592922,-1.1508160085494452,1.5437363791441934,-1.5838494489101727,-0.5015620156764883,-0.48903718977841476,-0.5015620156764883,-0.4968730149821545,1.9572730709832327,0
-0.8462046606698486,1.6600000047670331,1.1476320987979762,-0.5298096970953858,-0.18640695106406252,-0.8456148916457962,-0.7812208126592922,-0.6666655509804628,0.4771290236783756,0.9543708217792066,-0.5015620156764883,2.044834259850677,-0.5015620156764883,-0.4968730149821545,-0.5109149126021805,1
0.1024241209366227,1.521641941996482,-0.5286401226978626,0.5536457161876118,-1.2181797429315677,-0.25633622150935287,-0.7812208126592922,-1.5478915468028849,1.1882005939889206,0.0025382202706893814,-0.5015620156764883,-0.48903718977841476,1.9937713956493237,-0.4968730149821545,-0.5109149126021805,0
0.5564877399099526,-1.7041476321549027,0.01553963502291316,1.6371011294706097,-0.18640695106406252,-1.4348935617822394,1.2800478223256477,-0.2847699954737926,-1.6560856872532597,1.271648355615379,1.9937713956493237,-0.48903718977841476,-0.5015620156764883,-0.4968730149821545,-0.5109149126021805,0
1.5759202378454569,-0.4056214148602877,0.2971333288709318,-0.5298096970953858,-1.5621040068874026,-0.8456148916457962,-0.7812208126592922,0.6632938897799415,1.5437363791441934,-0.314739313565483,-0.5015620156764883,-0.48903718977841476,-0.5015620156764883,-0.4968730149821545,1.9572730709832327,1
0.04254397904855462,0.5185336899049585,-0.4977387777204105,-0.5298096970953858,0.5014415768476076,-0.25633622150935287,-0.7812208126592922,1.4729871580680438,-0.9450141169427145,0.6370932879430342,1.9937713956493237,-0.48903718977841476,-0.5015620156764883,-0.4968730149821545,-0.5109149126021805,1
0.4086005245343611,0.9944013682196068,-0.1484896700659177,1.6371011294706097,-0.18640695106406252,0.33294244862709044,-0.7812208126592922,-1.1085169218313233,0.12159323852310308,0.9543708217792066,1.9937713956493237,-0.48903718977841476,-0.5015620156764883,-0.4968730149821545,-0.5109149126021805,0
1.534579865566304,-1.2490180721575146,1.3635648118497903,-0.5298096970953858,0.8453658408034426,0.9222211187635337,-0.7812208126592922,1.7817608196836983,-1.3005499020979872,0.6370932879430342,-0.5015620156764883,-0.48903718977841476,-0.5015620156764883,-0.4968730149821545,1.9572730709832327,1
1.1804246720874068,0.18650383909339066,0.5459304416900694,-0.5298096970953858,-0.18640695106406252,1.511499788899977,-0.7812208126592922,-1.1421901902967355,1.1882005939889206,0.3198157541068618,-0.5015620156764883,-0.48903718977841476,1.9937713956493237,-0.4968730149821545,-0.5109149126021805,1
-0.38806683858889696,-0.3180603894476895,-1.4690476575780818,-0.5298096970953858,-1.5621040068874026,0.9222211187635337,-0.7812208126592922,1.274187262149481,1.1882005939889206,-0.314739313565483,-0.5015620156764883,-0.48903718977841476,-0.5015620156764883,2.0125866566448884,-0.5109149126021805,0
0.2757676796567229,-0.20481438905683963,0.5333300667895674,1.6371011294706097,-0.8742554789757326,0.33294244862709044,-0.7812208126592922,0.05343062694313867,-0.589478331787442,-1.5838494489101727,-0.5015620156764883,-0.48903718977841476,-0.5015620156764883,-0.4968730149821545,1.9572730709832327,0
-0.39605274482643915,1.6457542369888316,0.3140998695483449,-0.5298096970953858,1.1892901047592777,1.511499788899977,1.2800478223256477,1.8338131503975297,-0.589478331787442,0.0025382202706893814,-0.5015620156764883,-0.48903718977841476,-0.5015620156764883,-0.4968730149821545,1.9572730709832327,1
0.31888698593048426,0.5164568434371085,0.23051632057315843,-0.5298096970953858,-0.5303312150198976,-0.8456148916457962,1.2800478223256477,-0.10495228035702622,-0.9450141169427145,0.0025382202706893814,-0.5015620156764883,-0.48903718977841476,-0.5015620156764883,-0.4968730149821545,1.9572730709832327,1
0.8481088308877516,-0.5825206205155472,1.558037451129067,0.5536457161876118,-1.5621040068874026,-0.8456148916457962,1.2800478223256477,-1.0870178817268352,1.5437363791441934,0.0025382202706893814,-0.5015620156764883,2.044834259850677,-0.5015620156764883,-0.4968730149821545,-0.5109149126021805,1
1.119778895236654,0.6193195702450788,1.2694050578568594,-0.5298096970953858,1.5332143687151127,0.33294244862709044,-0.7812208126592922,-0.9386278138663187,1.5437363791441934,-0.9492943812378278,-0.5015620156764883,-0.48903718977841476,-0.5015620156764883,-0.4968730149821545,1.9572730709832327,1
-1.3021096352300394,1.0357994554059098,-0.2913471587161209,-0.5298096970953858,0.8453658408034426,0.33294244862709044,1.2800478223256477,0.4479772712381258,-0.589478331787442,-0.314739313565483,-0.5015620156764883,-0.48903718977841476,1.9937713956493237,-0.4968730149821545,-0.5109149126021805,1
1.3966094077130786,1.1624868522633658,1.4312981329776506,2.7205565427536076,0.8453658408034426,0.33294244862709044,1.2800478223256477,-1.5140763620782232,0.12159323852310308,0.3198157541068618,-0.5015620156764883,-0.48903718977841476,-0.5015620156764883,2.0125866566448884,-0.5109149126021805,1
0.0450723000478204,-0.9358365385966945,0.7041324158851969,1.6371011294706097,-0.18640695106406252,-0.25633622150935287,1.2800478223256477,-1.200591317848808,-1.6560856872532597,0.3198157541068618,-0.5015620156764883,-0.48903718977841476,-0.5015620156764883,-0.4968730149821545,1.9572730709832327,0
-0.6485750485254561,0.20104746778939322,-0.6472872866621072,-0.5298096970953858,0.8453658408034426,-0.8456148916457962,1.2800478223256477,0.20976531686142666,1.1882005939889206,-1.5838494489101727,-0.5015620156764883,-0.48903718977841476,-0.5015620156764883,2.0125866566448884,-0.5109149126021805,1
-1.1095304297499495,0.44226268927075163,-0.7859259372365505,-0.5298096970953858,-1.2181797429315677,-0.8456148916457962,-0.7812208126592922,-0.6048745747549911,1.1882005939889206,0.3198157541068618,-0.5015620156764883,2.044834259850677,-0.5015620156764883,-0.4968730149821545,-0.5109149126021805,0
1.3933763332069942,1.581477197385892,1.246547178581421,1.6371011294706097,1.5332143687151127,-0.25633622150935287,-0.7812208126592922,-0.778936445614618,-0.589478331787442,0.0025382202706893814,-0.5015620156764883,-0.48903718977841476,-0.5015620156764883,-0.4968730149821545,1.9572730709832327,1
0.6854255759225065,0.11297830574779659,-1.5135025206236568,2.7205565427536076,1.5332143687151127,-0.25633622150935287,1.2800478223256477,-0.9880285634635451,0.12159323852310308,1.271648355615379,-0.5015620156764883,-0.48903718977841476,-0.5015620156764883,-0.4968730149821545,1.9572730709832327,0
1.0463878937216617,-0.02783538903402163,-1.485131516143494,0.5536457161876118,-0.8742554789757326,-0.8456148916457962,1.2800478223256477,-0.7668559505070907,-0.589478331787442,-0.6320168474016554,1.9937713956493237,-0.48903718977841476,-0.5015620156764883,-0.4968730149821545,-0.5109149126021805,0
-0.4454445429804883,0.6247271393919069,0.04876246784253611,-0.5298096970953858,-1.2181797429315677,1.511499788899977,-0.7812208126592922,1.8048937546349357,1.1882005939889206,-1.5838494489101727,1.9937713956493237,-0.48903718977841476,-0.5015620156764883,-0.4968730149821545,-0.5109149126021805,1
-1.3258365638007974,-1.1641248388584011,-0.5569208534367315,-0.5298096970953858,1.5332143687151127,0.9222211187635337,-0.7812208126592922,-1.4266311747003346,0.4771290236783756,1.5889258894515514,-0.5015620156764883,-0.48903718977841476,1.9937713956493237,-0.4968730149821545,-0.5109149126021805,0
-0.589925466524901,1.215948972025221,1.5995689717856865,-0.5298096970953858,-1.2181797429315677,0.33294244862709044,1.2800478223256477,-1.3305408664398293,-0.23394254663216946,-1.5838494489101727,-0.5015620156764883,2.044834259850677,-0.5015620156764883,-0.4968730149821545,-0.5109149126021805,1
1.325665721619042,1.4552983345534456,-0.6830968558116596,-0.5298096970953858,1.1892901047592777,0.33294244862709044,-0.7812208126592922,-0.9398069087408033,0.12159323852310308,1.5889258894515514,-0.5015620156764883,-0.48903718977841476,1.9937713956493237,-0.4968730149821545,-0.5109149126021805,1
-1.1254715052245237,-1.660346211374508,-0.27486876251736764,-0.5298096970953858,-0.5303312150198976,0.9222211187635337,-0.7812208126592922,-0.7371677579448029,-0.589478331787442,0.0025382202706893814,-0.5015620156764883,-0.48903718977841476,-0.5015620156764883,2.0125866566448884,-0.5109149126021805,0
0.7396991137830143,-1.0449250860754713,0.13424444765657859,1.6371011294706097,-0.18640695106406252,1.511499788899977,-0.7812208126592922,-0.6019645879997652,1.5437363791441934,-0.9492943812378278,1.9937713956493237,-0.48903718977841476,-0.5015620156764883,-0.4968730149821545,-0.5109149126021805,0
-0.21258309477392576,-1.2866990379575391,-1.5102281891543234,-0.5298096970953858,-0.18640695106406252,0.9222211187635337,-0.7812208126592922,-1.425413786511845,0.8326648088336482,1.271648355615379,-0.5015620156764883,-0.48903718977841476,-0.5015620156764883,2.0125866566448884,-0.5109149126021805,0
-0.14319275107720955,1.4709726525218785,1.5888670795618332,-0.5298096970953858,1.1892901047592777,-0.25633622150935287,1.2800478223256477,-0.7035018090213683,-1.6560856872532597,-0.6320168474016554,-0.5015620156764883,2.044834259850677,-0.5015620156764883,-0.4968730149821545,-0.5109149126021805,1
1.6923302187727272,0.1836806541777201,-1.4592352896336942,-0.5298096970953858,-0.8742554789757326,-0.8456148916457962,1.2800478223256477,-1.4380468247840446,-1.3005499020979872,0.9543708217792066,-0.5015620156764883,-0.48903718977841476,-0.5015620156764883,2.0125866566448884,-0.5109149126021805,1
0.27272437004689487,-0.624363201918216,1.5679284132426934,-0.5298096970953858,-0.5303312150198976,0.33294244862709044,1.2800478223256477,1.0402543281930647,1.1882005939889206,0.6370932879430342,-0.5015620156764883,2.044834259850677,-0.5015620156764883,-0.4968730149821545,-0.5109149126021805,1
1.1205370053927712,1.5444814571054457,1.6200541948049798,-0.5298096970953858,0.5014415768476076,1.511499788899977,-0.7812208126592922,0.8279916076208229,1.1882005939889206,-0.6320168474016554,-0.5015620156764883,-0.48903718977841476,-0.5015620156764883,2.0125866566448884,-0.5109149126021805,1
-0.24429191686819174,0.5117770746840482,1.4357449825931565,-0.5298096970953858,0.1575173128917725,-0.25633622150935287,-0.7812208126592922,0.6472754430476784,-0.23394254663216946,1.271648355615379,1.9937713956493237,-0.48903718977841476,-0.5015620156764883,-0.4968730149821545,-0.5109149126021805,1
-0.8632921927027787,-0.8914364030615659,-0.32008409228182017,-0.5298096970953858,1.5332143687151127,-1.4348935617822394,1.2800478223256477,1.715385895170876,-0.9450141169427145,0.6370932879430342,-0.5015620156764883,-0.48903718977841476,-0.5015620156764883,2.0125866566448884,-0.5109149126021805,1
0.07017590008287211,-0.8466659921033157,-0.257860950439178,0.5536457161876118,0.8453658408034426,0.9222211187635337,1.2800478223256477,-1.3667473369968541,1.1882005939889206,-1.5838494489101727,-0.5015620156764883,-0.48903718977841476,1.9937713956493237,-0.4968730149821545,-0.5109149126021805,1
-0.8486077715457704,-1.2142060132503996,0.8902113818693342,-0.5298096970953858,-0.5303312150198976,-0.25633622150935287,-0.7812208126592922,-0.2923950135613969,-0.23394254663216946,-1.2665719150740002,-0.5015620156764883,2.044834259850677,-0.5015620156764883,-0.4968730149821545,-0.5109149126021805,0
0.051357082727770724,-1.6105321858696335,-0.31933778739996366,3.804011956036605,-1.2181797429315677,1.511499788899977,-0.7812208126592922,-1.4230498209136206,-1.3005499020979872,1.5889258894515514,-0.5015620156764883,-0.48903718977841476,-0.5015620156764883,2.0125866566448884,-0.5109149126021805,0
-1.0570824619005181,0.521622567891749,1.2094469427354073,0.5536457161876118,1.5332143687151127,-1.4348935617822394,-0.7812208126592922,1.1182910917660511,-1.3005499020979872,1.271648355615379,-0.5015620156764883,-0.48903718977841476,1.9937713956493237,-0.4968730149821545,-0.5109149126021805,1
-1.3001239167738712,-0.1628883851563077,-1.4668648195644696,-0.5298096970953858,0.1575173128917725,1.511499788899977,-0.7812208126592922,0.07335216867423051,0.8326648088336482,0.3198157541068618,1.9937713956493237,-0.48903718977841476,-0.5015620156764883,-0.4968730149821545,-0.5109149126021805,0
1.3251903218778753,1.2997603769138717,0.9733416982609083,-0.5298096970953858,-0.8742554789757326,-0.25633622150935287,-0.7812208126592922,1.074654684662054,0.8326648088336482,0.3198157541068618,-0.5015620156764883,-0.48903718977841476,-0.5015620156764883,2.0125866566448884,-0.5109149126021805,1
-0.2768743901237852,-0.4749554442220557,1.5986013725715902,2.7205565427536076,-1.2181797429315677,-0.8456148916457962,1.2800478223256477,0.013698267029135241,1.1882005939889206,-0.314739313565483,1.9937713956493237,-0.48903718977841476,-0.5015620156764883,-0.4968730149821545,-0.5109149126021805,0
1.2293753627858024,-0.800420377578463,-1.3417785297349782,0.5536457161876118,-1.5621040068874026,0.9222211187635337,1.2800478223256477,-0.5036298040346993,1.1882005939889206,1.5889258894515514,-0.5015620156764883,-0.48903718977841476,-0.5015620156764883,-0.4968730149821545,1.9572730709832327,0
-0.5759672040175131,1.1471431096527325,-1.366614166042061,1.6371011294706097,1.1892901047592777,-0.25633622150935287,1.2800478223256477,0.09344250145901802,-0.589478331787442,1.271648355615379,-0.5015620156764883,-0.48903718977841476,1.9937713956493237,-0.4968730149821545,-0.5109149126021805,0
-0.18538234600178982,0.7363746844438139,0.5529278113203172,-0.5298096970953858,-0.5303312150198976,1.511499788899977,-0.7812208126592922,-0.4012693929823823,-1.6560856872532597,-0.6320168474016554,-0.5015620156764883,-0.48903718977841476,-0.5015620156764883,2.0125866566448884,-0.5109149126021805,1
0.47073840939654843,-1.6945971634220107,-0.8346873991787804,-0.5298096970953858,0.1575173128917725,-1.4348935617822394,1.2800478223256477,-1.3437280226249222,-0.23394254663216946,1.5889258894515514,-0.5015620156764883,-0.48903718977841476,-0.5015620156764883,-0.4968730149821545,1.9572730709832327,0
1.5209717798430962,0.5285280016918472,0.877381043419323,-0.5298096970953858,0.1575173128917725,-0.25633622150935287,1.2800478223256477,-0.4959836175287679,0.12159323852310308,1.5889258894515514,-0.5015620156764883,-0.48903718977841476,-0.5015620156764883,-0.4968730149821545,1.9572730709832327,1
-1.1991570620080862,-0.32322369672197776,-0.6865921909496338,0.5536457161876118,-0.18640695106406252,1.511499788899977,-0.7812208126592922,-0.9947058093541051,-1.6560856872532597,-0.9492943812378278,-0.5015620156764883,-0.48903718977841476,-0.5015620156764883,-0.4968730149821545,1.9572730709832327,0
0.43836318814179615,-1.1358378643222702,-0.43055167903522884,-0.5298096970953858,-0.18640695106406252,-1.4348935617822394,1.2800478223256477,0.20604293657647818,-1.6560856872532597,-1.2665719150740002,1.9937713956493237,-0.48903718977841476,-0.5015620156764883,-0.4968730149821545,-0.5109149126021805,1
-1.5920688957064926,0.773117830379105,0.9567373555057208,-0.5298096970953858,1.1892901047592777,0.33294244862709044,-0.7812208126592922,-0.6828162637382488,0.12159323852310308,-0.314739313565483,-0.5015620156764883,-0.48903718977841476,-0.5015620156764883,2.0125866566448884,-0.5109149126021805,1
-1.1595609997980894,-0.1802468584645336,-1.2222631796832908,-0.5298096970953858,0.8453658408034426,0.33294244862709044,-0.7812208126592922,1.2769580296654872,-1.6560856872532597,-0.9492943812378278,-0.5015620156764883,-0.48903718977841476,-0.5015620156764883,-0.4968730149821545,1.9572730709832327,0
-0.7131103276171126,0.912383194767422,-0.45170493495754216,-0.5298096970953858,0.8453658408034426,-0.8456148916457962,1.2800478223256477,-0.5301347239759028,0.12159323852310308,-0.314739313565483,-0.5015620156764883,-0.48903718977841476,1.9937713956493237,-0.4968730149821545,-0.5109149126021805,1
0.8298726016761955,-0.801066571916462,0.9768391451079741,-0.5298096970953858,0.1575173128917725,0.33294244862709044,-0.7812208126592922,-1.337157181414767,0.4771290236783756,-0.314739313565483,-0.5015620156764883,-0.48903718977841476,-0.5015620156764883,-0.4968730149821545,1.9572730709832327,1
0.8064041290287359,0.8829702599107999,1.344735700710718,-0.5298096970953858,0.5014415768476076,-0.8456148916457962,-0.7812208126592922,-0.9888998644234513,-1.3005499020979872,1.271648355615379,-0.5015620156764883,-0.48903718977841476,1.9937713956493237,-0.4968730149821545,-0.5109149126021805,1
0.7268283750785041,-0.0927205918885986,0.6891847960944836,-0.5298096970953858,0.5014415768476076,0.33294244862709044,1.2800478223256477,-0.8381763137652216,0.4771290236783756,-0.6320168474016554,1.9937713956493237,-0.48903718977841476,-0.5015620156764883,-0.4968730149821545,-0.5109149126021805,1
-0.5310409407807869,-0.42828398287428565,-0.5003854044819561,-0.5298096970953858,0.8453658408034426,0.9222211187635337,-0.7812208126592922,0.32988803985646104,-0.589478331787442,-1.2665719150740002,1.9937713956493237,-0.48903718977841476,-0.5015620156764883,-0.4968730149821545,-0.5109149126021805,0
1.699992769434934,-1.4145708392525431,0.13526742727121724,-0.5298096970953858,-0.5303312150198976,-1.4348935617822394,-0.7812208126592922,1.4239014471984797,0.12159323852310308,1.5889258894515514,1.9937713956493237,-0.48903718977841476,-0.5015620156764883,-0.4968730149821545,-0.5109149126021805,1
0.31987107962195155,0.38512392832194897,0.25771385641548644,1.6371011294706097,1.1892901047592777,-0.8456148916457962,1.2800478223256477,-1.0775932496821188,-0.9450141169427145,0.9543708217792066,-0.5015620156764883,2.044834259850677,-0.5015620156764883,-0.4968730149821545,-0.5109149126021805,0
1.504980333802156,-0.9697166222627464,-1.0951783875482703,0.5536457161876118,-0.18640695106406252,1.511499788899977,-0.7812208126592922,0.22397718993587995,1.1882005939889206,-1.2665719150740002,-0.5015620156764883,-0.48903718977841476,-0.5015620156764883,2.0125866566448884,-0.5109149126021805,0
-0.22199334127123224,-0.015241649698599412,0.31916265019358364,-0.5298096970953858,0.1575173128917725,-0.25633622150935287,1.2800478223256477,0.5777761317732478,0.12159323852310308,1.271648355615379,-0.5015620156764883,-0.48903718977841476,-0.5015620156764883,2.0125866566448884,-0.5109149126021805,1
0.29674632136683704,-1.0063991753407957,1.3784837809441866,-0.5298096970953858,0.1575173128917725,1.511499788899977,1.2800478223256477,-0.13246676505215257,-1.3005499020979872,0.3198157541068618,1.9937713956493237,-0.48903718977841476,-0.5015620156764883,-0.4968730149821545,-0.5109149126021805,1
1.5612073933890132,0.749759568123349,-0.5140809557242638,-0.5298096970953858,0.8453658408034426,0.33294244862709044,-0.7812208126592922,0.18599794713654547,0.12159323852310308,0.6370932879430342,-0.5015620156764883,2.044834259850677,-0.5015620156764883,-0.4968730149821545,-0.5109149126021805,1
-0.43147419440744955,1.0044357760639084,-0.7787047312166873,-0.5298096970953858,0.5014415768476076,-1.4348935617822394,-0.7812208126592922,-0.8658838505066813,0.12159323852310308,-1.2665719150740002,-0.5015620156764883,-0.48903718977841476,1.9937713956493237,-0.4968730149821545,-0.5109149126021805,0
1.3921953549475352,1.27021037132969,-0.36923984937642074,-0.5298096970953858,0.5014415768476076,-1.4348935617822394,-0.7812208126592922,0.8282172573388122,0.12159323852310308,-1.5838494489101727,-0.5015620156764883,-0.48903718977841476,-0.5015620156764883,-0.4968730149821545,1.9572730709832327,1
0.6601232593541276,-0.050470000230605674,-0.24945768961179146,-0.5298096970953858,-0.18640695106406252,1.511499788899977,-0.7812208126592922,0.7526286597954387,-0.23394254663216946,1.271648355615379,-0.5015620156764883,-0.48903718977841476,-0.5015620156764883,-0.4968730149821545,1.9572730709832327,1
0.9611782680334706,1.0122661161415667,-0.920501860102936,0.5536457161876118,-1.5621040068874026,-0.25633622150935287,-0.7812208126592922,-0.08875539823887868,-0.23394254663216946,0.9543708217792066,-0.5015620156764883,2.044834259850677,-0.5015620156764883,-0.4968730149821545,-0.5109149126021805,0
-1.0692806008843674,-0.2315143286798186,1.431942975952787,-0.5298096970953858,-0.18640695106406252,0.9222211187635337,1.2800478223256477,0.38344847391024134,0.4771290236783756,1.271648355615379,1.9937713956493237,-0.48903718977841476,-0.5015620156764883,-0.4968730149821545,-0.5109149126021805,1
0.007743863717167973,-1.6294928512600955,1.2042114989581947,-0.5298096970953858,-1.2181797429315677,1.511499788899977,-0.7812208126592922,0.06790251873255661,0.4771290236783756,-0.9492943812378278,-0.5015620156764883,-0.48903718977841476,-0.5015620156764883,-0.4968730149821545,1.9572730709832327,0
1.4322141446812469,1.3289119171154524,-0.8963950425013308,-0.5298096970953858,0.1575173128917725,1.511499788899977,1.2800478223256477,-1.3324001740277656,-0.9450141169427145,-0.314739313565483,-0.5015620156764883,-0.48903718977841476,1.9937713956493237,-0.4968730149821545,-0.5109149126021805,1
-1.2953047135258056,-1.4590211389373182,-0.46336104417801993,-0.5298096970953858,0.8453658408034426,-0.25633622150935287,-0.7812208126592922,1.3260780984366627,-0.23394254663216946,0.0025382202706893814,-0.5015620156764883,-0.48903718977841476,1.9937713956493237,-0.4968730149821545,-0.5109149126021805,1
-1.0855196035585906,0.7689676886230415,-0.3711495807756946,-0.5298096970953858,-0.18640695106406252,0.9222211187635337,-0.7812208126592922,-1.4867967188803226,-0.589478331787442,0.6370932879430342,-0.5015620156764883,-0.48903718977841476,1.9937713956493237,-0.4968730149821545,-0.5109149126021805,0
1.0237110817414274,0.941676619587403,-0.23982677378786926,-0.5298096970953858,-0.5303312150198976,0.9222211187635337,-0.7812208126592922,-0.7730354828518852,-0.23394254663216946,-0.6320168474016554,-0.5015620156764883,2.044834259850677,-0.5015620156764883,-0.4968730149821545,-0.5109149126021805,1
-0.5854384738895094,-1.0312704273089954,0.6397592788459278,-0.5298096970953858,-1.2181797429315677,0.9222211187635337,-0.7812208126592922,-1.545983552592308,-0.589478331787442,0.3198157541068618,-0.5015620156764883,2.044834259850677,-0.5015620156764883,-0.4968730149821545,-0.5109149126021805,0
-1.6344826045560523,-0.5192123793347303,-0.26564504038587733,-0.5298096970953858,-1.2181797429315677,-0.8456148916457962,-0.7812208126592922,-0.550174216944804,-1.6560856872532597,-1.2665719150740002,-0.5015620156764883,-0.48903718977841476,-0.5015620156764883,2.0125866566448884,-0.5109149126021805,0
0.6549722448707974,0.4902819573352032,-0.7197121230516303,2.7205565427536076,-0.5303312150198976,1.511499788899977,1.2800478223256477,-1.5451729919540362,-0.23394254663216946,-1.2665719150740002,-0.5015620156764883,-0.48903718977841476,-0.5015620156764883,2.0125866566448884,-0.5109149126021805,0
1.5410519244391474,-0.788202105174865,0.10863550893785262,0.5536457161876118,1.1892901047592777,-0.8456148916457962,1.2800478223256477,-0.495498620212168,-1.6560856872532597,1.5889258894515514,1.9937713956493237,-0.48903718977841476,-0.5015620156764883,-0.4968730149821545,-0.5109149126021805,1
0.27331166577611776,-1.516239775851787,-0.6383502228999711,-0.5298096970953858,-0.18640695106406252,-0.8456148916457962,1.2800478223256477,0.4568416569330504,-1.6560856872532597,0.3198157541068618,1.9937713956493237,-0.48903718977841476,-0.5015620156764883,-0.4968730149821545,-0.5109149126021805,1
-0.8837383045718328,-0.3111290801207423,0.41306716014239775,-0.5298096970953858,0.5014415768476076,1.511499788899977,1.2800478223256477,-1.2695467299128704,0.12159323852310308,-1.5838494489101727,-0.5015620156764883,2.044834259850677,-0.5015620156764883,-0.4968730149821545,-0.5109149126021805,1
0.8808975573214546,0.09865089774565239,0.6354396754821277,1.6371011294706097,-0.5303312150198976,-0.8456148916457962,-0.7812208126592922,-0.31718202104257875,1.1882005939889206,0.3198157541068618,1.9937713956493237,-0.48903718977841476,-0.5015620156764883,-0.4968730149821545,-0.5109149126021805,0
0.07336140484254818,0.5406532852232956,-1.7142617828566893,-0.5298096970953858,-1.2181797429315677,-1.4348935617822394,-0.7812208126592922,0.25573363999085696,0.12159323852310308,-0.9492943812378278,-0.5015620156764883,2.044834259850677,-0.5015620156764883,-0.4968730149821545,-0.5109149126021805,0
-0.3927295699329986,0.18021743714946775,-0.10295836015971271,1.6371011294706097,-0.5303312150198976,0.33294244862709044,1.2800478223256477,-0.8897288535969324,0.8326648088336482,-1.5838494489101727,1.9937713956493237,-0.48903718977841476,-0.5015620156764883,-0.4968730149821545,-0.5109149126021805,0
1.2144841651061136,-0.21131096850689457,-0.6749493077618235,0.5536457161876118,-1.5621040068874026,-0.25633622150935287,1.2800478223256477,1.4541459224471533,-0.23394254663216946,0.0025382202706893814,-0.5015620156764883,-0.48903718977841476,1.9937713956493237,-0.4968730149821545,-0.5109149126021805,0
0.8384308942141704,0.5126606998233013,-0.6317407907737852,-0.5298096970953858,-1.2181797429315677,-0.8456148916457962,1.2800478223256477,0.6706180529953457,-1.3005499020979872,0.9543708217792066,-0.5015620156764883,-0.48903718977841476,-0.5015620156764883,2.0125866566448884,-0.5109149126021805,0
-0.7707565909950731,-0.2988935208917539,-1.6865854698136096,-0.5298096970953858,0.5014415768476076,0.33294244862709044,1.2800478223256477,-0.2777116835359022,-0.589478331787442,0.0025382202706893814,-0.5015620156764883,2.044834259850677,-0.5015620156764883,-0.4968730149821545,-0.5109149126021805,1
1.452630456656034,0.7829162573483394,-0.14005351346486944,-0.5298096970953858,1.5332143687151127,-0.8456148916457962,-0.7812208126592922,-0.3517109232116409,0.8326648088336482,0.6370932879430342,-0.5015620156764883,-0.48903718977841476,1.9937713956493237,-0.4968730149821545,-0.5109149126021805,1
1.3001752620683713,-1.4547327938723,0.2157430918818084,-0.5298096970953858,1.5332143687151127,0.33294244862709044,-0.7812208126592922,1.7218543682444238,0.4771290236783756,1.271648355615379,-0.5015620156764883,-0.48903718977841476,-0.5015620156764883,-0.4968730149821545,1.9572730709832327,1
-1.5311987296295648,1.2720636581546862,1.4010619736998675,-0.5298096970953858,-0.18640695106406252,1.511499788899977,1.2800478223256477,-1.6623220517451416,-1.3005499020979872,-0.314739313565483,1.9937713956493237,-0.48903718977841476,-0.5015620156764883,-0.4968730149821545,-0.5109149126021805,1
-1.5238557090012343,-0.46561015822839746,-0.48355180142186394,-0.5298096970953858,-0.18640695106406252,0.9222211187635337,-0.7812208126592922,-1.6396591721435396,0.8326648088336482,-1.2665719150740002,-0.5015620156764883,-0.48903718977841476,1.9937713956493237,-0.4968730149821545,-0.5109149126021805,1
-1.1220870708365183,-0.3704736700179861,-1.3531928193016807,-0.5298096970953858,-1.2181797429315677,1.511499788899977,-0.7812208126592922,0.9561523727950207,1.5437363791441934,0.0025382202706893814,1.9937713956493237,-0.48903718977841476,-0.5015620156764883,-0.4968730149821545,-0.5109149126021805,0
-0.3869033322445002,1.438084689746354,0.688863755482912,-0.5298096970953858,1.5332143687151127,-1.4348935617822394,-0.7812208126592922,-0.27099820172564865,0.8326648088336482,-0.314739313565483,-0.5015620156764883,-0.48903718977841476,-0.5015620156764883,2.0125866566448884,-0.5109149126021805,1
-0.18983176187168635,-0.03614579114686389,0.008225938425320626,-0.5298096970953858,0.1575173128917725,-0.25633622150935287,1.2800478223256477,1.112367771671452,0.12159323852310308,-0.9492943812378278,-0.5015620156764883,-0.48903718977841476,-0.5015620156764883,-0.4968730149821545,1.9572730709832327,1
0.4904998461578002,0.4633148807529164,0.8668418224539615,-0.5298096970953858,0.1575173128917725,0.9222211187635337,-0.7812208126592922,-1.5390633950600916,-0.589478331787442,-0.314739313565483,-0.5015620156764883,-0.48903718977841476,1.9937713956493237,-0.4968730149821545,-0.5109149126021805,1
1.37817536820108,-1.0427777776098568,-1.5412285189054888,-0.5298096970953858,1.1892901047592777,0.33294244862709044,1.2800478223256477,-1.0424341785289815,-0.589478331787442,0.0025382202706893814,-0.5015620156764883,-0.48903718977841476,1.9937713956493237,-0.4968730149821545,-0.5109149126021805,1
0.883598844540572,0.7657523776370095,-0.6507368432036738,-0.5298096970953858,-0.18640695106406252,0.33294244862709044,1.2800478223256477,-1.651388607498295,1.1882005939889206,-0.9492943812378278,-0.5015620156764883,-0.48903718977841476,-0.5015620156764883,2.0125866566448884,-0.5109149126021805,0
-1.025951379538649,-0.8723907791616521,0.012226606662691167,-0.5298096970953858,-0.8742554789757326,-0.25633622150935287,-0.7812208126592922,0.44870598104758747,1.5437363791441934,-0.6320168474016554,-0.5015620156764883,2.044834259850677,-0.5015620156764883,-0.4968730149821545,-0.5109149126021805,0
0.39884239811324923,-0.7207198075787358,1.5755059173717736,3.804011956036605,1.5332143687151127,1.511499788899977,-0.7812208126592922,0.7616031131979133,-0.23394254663216946,0.0025382202706893814,-0.5015620156764883,-0.48903718977841476,-0.5015620156764883,-0.4968730149821545,1.9572730709832327,1
1.370831208786557,0.8500545044695428,-0.4899867049323506,-0.5298096970953858,-0.18640695106406252,0.9222211187635337,1.2800478223256477,1.3099417039979375,-0.9450141169427145,-1.2665719150740002,-0.5015620156764883,2.044834259850677,-0.5015620156764883,-0.4968730149821545,-0.5109149126021805,1
-1.3867089370227776,-1.3200621932517924,0.9814632426011468,2.7205565427536076,0.8453658408034426,1.511499788899977,1.2800478223256477,-1.3885380898194428,-1.3005499020979872,-0.6320168474016554,-0.5015620156764883,-0.48903718977841476,-0.5015620156764883,-0.4968730149821545,1.9572730709832327,1
-1.2200410685502003,0.35598666100680093,0.06942813140206414,-0.5298096970953858,-0.8742554789757326,-1.4348935617822394,1.2800478223256477,0.8542529787043499,-0.23394254663216946,0.6370932879430342,-0.5015620156764883,-0.48903718977841476,1.9937713956493237,-0.4968730149821545,-0.5109149126021805,1
-1.5181639050012907,-0.2936863000356034,1.2366593274722408,-0.5298096970953858,0.5014415768476076,0.9222211187635337,-0.7812208126592922,-1.4748853385681417,-1.3005499020979872,0.6370932879430342,-0.5015620156764883,-0.48903718977841476,1.9937713956493237,-0.4968730149821545,-0.5109149126021805,1
1.494329236862141,0.4621026464643261,0.3479426558356714,-0.5298096970953858,-0.5303312150198976,-1.4348935617822394,-0.7812208126592922,-0.4972754493581539,-1.6560856872532597,-1.5838494489101727,-0.5015620156764883,-0.48903718977841476,-0.5015620156764883,2.0125866566448884,-0.5109149126021805,1
1.3078040757080716,-1.4457603420993237,0.31375616585296295,-0.5298096970953858,-0.8742554789757326,1.511499788899977,-0.7812208126592922,-1.326112461026107,0.12159323852310308,-0.314739313565483,-0.5015620156764883,-0.48903718977841476,1.9937713956493237,-0.4968730149821545,-0.5109149126021805,0
-0.5653362129449698,-0.13565019731850875,-0.015809853345837396,-0.5298096970953858,-0.8742554789757326,0.33294244862709044,1.2800478223256477,-0.8563369347944174,1.5437363791441934,-1.2665719150740002,-0.5015620156764883,-0.48903718977841476,1.9937713956493237,-0.4968730149821545,-0.5109149126021805,0
1.4541799698180158,0.9036472401768358,0.27674056024271365,-0.5298096970953858,-0.5303312150198976,-0.25633622150935287,-0.7812208126592922,-0.494098333441964,1.5437363791441934,-0.6320168474016554,1.9937713956493237,-0.48903718977841476,-0.5015620156764883,-0.4968730149821545,-0.5109149126021805,1
-1.1503558079319274,1.5617447310639232,0.9347976222661342,2.7205565427536076,-0.5303312150198976,-1.4348935617822394,1.2800478223256477,1.6029507849379363,1.5437363791441934,0.3198157541068618,1.9937713956493237,-0.48903718977841476,-0.5015620156764883,-0.4968730149821545,-0.5109149126021805,1
0.8149552077543547,-1.635953526323256,0.8481795682907578,-0.5298096970953858,-1.2181797429315677,0.9222211187635337,1.2800478223256477,0.4231068082723555,0.8326648088336482,1.5889258894515514,-0.5015620156764883,-0.48903718977841476,-0.5015620156764883,2.0125866566448884,-0.5109149126021805,1
1.1920636093278076,-0.0724054020337979,1.039592145963453,-0.5298096970953858,-1.2181797429315677,-0.8456148916457962,-0.7812208126592922,-0.5033749615560582,-0.589478331787442,-0.6320168474016554,-0.5015620156764883,2.044834259850677,-0.5015620156764883,-0.4968730149821545,-0.5109149126021805,1
1.0895558940976768,0.6480928387519683,-0.52627946838306,-0.5298096970953858,-1.2181797429315677,-0.8456148916457962,-0.7812208126592922,0.09520455386128543,-1.3005499020979872,-1.2665719150740002,-0.5015620156764883,-0.48903718977841476,-0.5015620156764883,-0.4968730149821545,1.9572730709832327,0
1.588384800048139,0.6917763119433263,0.5374158352567483,-0.5298096970953858,-1.5621040068874026,0.33294244862709044,1.2800478223256477,0.2533028209219606,-0.9450141169427145,-0.9492943812378278,-0.5015620156764883,2.044834259850677,-0.5015620156764883,-0.4968730149821545,-0.5109149126021805,1
0.6414843054518642,0.3763463820491982,0.633057571661001,-0.5298096970953858,1.5332143687151127,-0.25633622150935287,1.2800478223256477,-0.9896294644993644,0.12159323852310308,-0.314739313565483,-0.5015620156764883,-0.48903718977841476,-0.5015620156764883,-0.4968730149821545,1.9572730709832327,1
-0.20068069073870531,-1.4359990285915543,0.91268708056639,-0.5298096970953858,0.8453658408034426,0.33294244862709044,-0.7812208126592922,-1.5256003225701504,-0.23394254663216946,-1.5838494489101727,1.9937713956493237,-0.48903718977841476,-0.5015620156764883,-0.4968730149821545,-0.5109149126021805,0
0.7945798827435789,-1.3965003152899607,-0.5858788528751853,0.5536457161876118,0.8453658408034426,1.511499788899977,1.2800478223256477,-1.2573292987610887,-0.23394254663216946,1.271648355615379,-0.5015620156764883,2.044834259850677,-0.5015620156764883,-0.4968730149821545,-0.5109149126021805,1
-0.06229504408375948,-0.15914672376628064,-1.595283247674439,-0.5298096970953858,1.1892901047592777,1.511499788899977,-0.7812208126592922,0.06263645354219928,1.1882005939889206,0.6370932879430342,-0.5015620156764883,2.044834259850677,-0.5015620156764883,-0.4968730149821545,-0.5109149126021805,0
1.7350440701463055,-1.059932981584964,-0.8653335702464376,-0.5298096970953858,1.1892901047592777,1.511499788899977,-0.7812208126592922,-1.0078926357498186,1.5437363791441934,-0.6320168474016554,-0.5015620156764883,-0.48903718977841476,1.9937713956493237,-0.4968730149821545,-0.5109149126021805,0
-0.9720677418123751,0.9642310373186403,0.8832154917041785,-0.5298096970953858,-0.18640695106406252,1.511499788899977,1.2800478223256477,-0.3497908768402665,1.1882005939889206,-0.9492943812378278,1.9937713956493237,-0.48903718977841476,-0.5015620156764883,-0.4968730149821545,-0.5109149126021805,1
0.11236251323512415,-0.27712943004939833,1.5674316636687626,-0.5298096970953858,1.1892901047592777,-0.8456148916457962,1.2800478223256477,-0.906854524922814,1.1882005939889206,0.9543708217792066,-0.5015620156764883,-0.48903718977841476,1.9937713956493237,-0.4968730149821545,-0.5109149126021805,1
0.012120373342262685,-1.131642980515071,0.9997241956373472,-0.5298096970953858,1.1892901047592777,1.511499788899977,-0.7812208126592922,-0.7375175857927446,-0.23394254663216946,0.3198157541068618,-0.5015620156764883,-0.48903718977841476,-0.5015620156764883,-0.4968730149821545,1.9572730709832327,0
-1.6291990828012668,-0.7951249090507714,-1.4783520881326908,-0.5298096970953858,-0.5303312150198976,-1.4348935617822394,1.2800478223256477,-0.16050866414398796,-0.9450141169427145,-0.314739313565483,-0.5015620156764883,-0.48903718977841476,-0.5015620156764883,-0.4968730149821545,1.9572730709832327,0
1.541833944183551,1.2381906752808556,1.0056577193896759,-0.5298096970953858,-0.8742554789757326,0.33294244862709044,1.2800478223256477,-1.2957947030311554,0.8326648088336482,0.6370932879430342,1.9937713956493237,-0.48903718977841476,-0.5015620156764883,-0.4968730149821545,-0.5109149126021805,1
0.8813716881020967,0.8981105665217891,-1.0552228168256792,0.5536457161876118,-1.5621040068874026,-0.25633622150935287,-0.7812208126592922,-0.7155363376380894,1.5437363791441934,-0.9492943812378278,1.9937713956493237,-0.48903718977841476,-0.5015620156764883,-0.4968730149821545,-0.5109149126021805,0
1.2743777316912168,-0.9939520816522914,-0.9512885032901334,1.6371011294706097,0.5014415768476076,0.33294244862709044,-0.7812208126592922,-0.08956610682905053,-1.6560856872532597,1.5889258894515514,1.9937713956493237,-0.48903718977841476,-0.5015620156764883,-0.4968730149821545,-0.5109149126021805,0
-0.5704873453430495,-1.1374277462434021,0.09820695966579004,0.5536457161876118,0.5014415768476076,0.33294244862709044,1.2800478223256477,-0.40012289534838164,0.8326648088336482,0.6370932879430342,1.9937713956493237,-0.48903718977841476,-0.5015620156764883,-0.4968730149821545,-0.5109149126021805,1
-1.2765118747590396,-0.38745186263623704,1.6915452977566054,-0.5298096970953858,0.5014415768476076,-0.8456148916457962,-0.7812208126592922,-1.563374900348304,0.12159323852310308,0.3198157541068618,-0.5015620156764883,-0.48903718977841476,-0.5015620156764883,2.0125866566448884,-0.5109149126021805,0
0.24206689955908953,1.2915501282979083,1.532661361181857,-0.5298096970953858,0.8453658408034426,-0.25633622150935287,-0.7812208126592922,-0.57032730297952,-0.23394254663216946,0.3198157541068618,-0.5015620156764883,-0.48903718977841476,-0.5015620156764883,-0.4968730149821545,1.9572730709832327,1
-1.338448160866456,0.7514093384336304,1.0617633484039968,-0.5298096970953858,0.5014415768476076,-0.25633622150935287,1.2800478223256477,0.2182325380626323,-0.589478331787442,0.6370932879430342,-0.5015620156764883,-0.48903718977841476,1.9937713956493237,-0.4968730149821545,-0.5109149126021805,1
-1.3314953838230092,0.6036015639291176,-0.7653918636590367,1.6371011294706097,1.5332143687151127,0.33294244862709044,1.2800478223256477,0.4606245510993389,-0.23394254663216946,1.271648355615379,-0.5015620156764883,-0.48903718977841476,-0.5015620156764883,2.0125866566448884,-0.5109149126021805,1
-0.4049383836045807,-1.1548248724123233,-0.24739847542490126,1.6371011294706097,-1.2181797429315677,1.511499788899977,-0.7812208126592922,-0.1365785279111561,1.5437363791441934,-0.314739313565483,1.9937713956493237,-0.48903718977841476,-0.5015620156764883,-0.4968730149821545,-0.5109149126021805,0
-1.616988038563587,-1.593406418018764,-0.22514062452441286,-0.5298096970953858,1.1892901047592777,-0.8456148916457962,1.2800478223256477,-0.09186553550859133,0.8326648088336482,0.0025382202706893814,-0.5015620156764883,-0.48903718977841476,-0.5015620156764883,-0.4968730149821545,1.9572730709832327,1
-0.20980945330681286,-0.8844668720136707,-1.6416889823100982,0.5536457161876118,0.8453658408034426,1.511499788899977,1.2800478223256477,-0.9758153695672724,-0.589478331787442,0.6370932879430342,-0.5015620156764883,-0.48903718977841476,-0.5015620156764883,2.0125866566448884,-0.5109149126021805,1
0.9322269970270342,0.7887166317083506,0.09380824129605823,-0.5298096970953858,0.5014415768476076,1.511499788899977,-0.7812208126592922,-0.013537208112799681,-0.589478331787442,-1.5838494489101727,1.9937713956493237,-0.48903718977841476,-0.5015620156764883,-0.4968730149821545,-0.5109149126021805,1
0.040886350998188624,1.3008584485408796,0.21226225437965054,0.5536457161876118,0.8453658408034426,-0.8456148916457962,-0.7812208126592922,-0.12792223703122815,0.12159323852310308,-0.9492943812378278,1.9937713956493237,-0.48903718977841476,-0.5015620156764883,-0.4968730149821545,-0.5109149126021805,1
0.8775428917513316,0.5940274010931684,-0.7602843880771428,-0.5298096970953858,0.5014415768476076,0.33294244862709044,-0.7812208126592922,0.612249485154011,-0.23394254663216946,-0.6320168474016554,-0.5015620156764883,-0.48903718977841476,-0.5015620156764883,-0.4968730149821545,1.9572730709832327,0
-1.1446846615189403,1.0256813592546412,-0.7932293889168724,-0.5298096970953858,0.1575173128917725,0.9222211187635337,-0.7812208126592922,-0.55113517219744,-1.6560856872532597,-1.5838494489101727,1.9937713956493237,-0.48903718977841476,-0.5015620156764883,-0.4968730149821545,-0.5109149126021805,0
-0.5074631557913294,-0.44900469427540507,-0.006203016059424736,-0.5298096970953858,1.1892901047592777,-1.4348935617822394,-0.7812208126592922,-0.07304905683891386,-0.589478331787442,1.271648355615379,-0.5015620156764883,2.044834259850677,-0.5015620156764883,-0.4968730149821545,-0.5109149126021805,1
-0.954852379639489,0.04773487371020339,0.9617570307578324,-0.5298096970953858,-1.5621040068874026,-0.25633622150935287,1.2800478223256477,1.1438700563816504,-0.589478331787442,-0.6320168474016554,-0.5015620156764883,-0.48903718977841476,-0.5015620156764883,-0.4968730149821545,1.9572730709832327,1
-0.7958076227636722,-1.5140323758251324,-0.37590255006802015,-0.5298096970953858,0.1575173128917725,-0.8456148916457962,-0.7812208126592922,-1.347201792963713,-0.9450141169427145,0.9543708217792066,-0.5015620156764883,2.044834259850677,-0.5015620156764883,-0.4968730149821545,-0.5109149126021805,0
0.47139711548810465,0.08882395296541613,-0.8797125706876543,-0.5298096970953858,0.1575173128917725,0.9222211187635337,1.2800478223256477,-1.6487476660808607,-0.589478331787442,1.5889258894515514,1.9937713956493237,-0.48903718977841476,-0.5015620156764883,-0.4968730149821545,-0.5109149126021805,0
-0.17507936820518877,-0.476839338697158,1.584567826717671,0.5536457161876118,-0.5303312150198976,0.9222211187635337,-0.7812208126592922,1.1105582777113436,-0.9450141169427145,0.9543708217792066,-0.5015620156764883,-0.48903718977841476,-0.5015620156764883,-0.4968730149821545,1.9572730709832327,1
-1.2901035645305283,1.023734397324812,-1.4620111988871618,-0.5298096970953858,1.1892901047592777,-0.25633622150935287,1.2800478223256477,1.62036213458996,1.1882005939889206,0.6370932879430342,-0.5015620156764883,-0.48903718977841476,-0.5015620156764883,2.0125866566448884,-0.5109149126021805,0
1.2040505163548143,-1.522804336356363,-0.6866444295094077,1.6371011294706097,-0.8742554789757326,1.511499788899977,-0.7812208126592922,-1.139349349467679,1.1882005939889206,1.5889258894515514,1.9937713956493237,-0.48903718977841476,-0.5015620156764883,-0.4968730149821545,-0.5109149126021805,0
0.6109315347363089,1.0801917369752754,-0.4244387065038603,-0.5298096970953858,0.5014415768476076,-0.8456148916457962,-0.7812208126592922,-0.4928496376187921,-1.6560856872532597,0.0025382202706893814,-0.5015620156764883,-0.48903718977841476,-0.5015620156764883,-0.4968730149821545,1.9572730709832327,0
-1.5919566626070591,0.9333093321383791,1.0171398191421257,-0.5298096970953858,1.5332143687151127,-1.4348935617822394,-0.7812208126592922,0.8090834388027426,-0.589478331787442,-1.2665719150740002,-0.5015620156764883,2.044834259850677,-0.5015620156764883,-0.4968730149821545,-0.5109149126021805,1
-0.22646528104316038,-0.538666104018479,0.0655835537542977,-0.5298096970953858,-0.8742554789757326,-0.8456148916457962,-0.7812208126592922,1.1429148425930262,1.1882005939889206,-1.5838494489101727,-0.5015620156764883,-0.48903718977841476,-0.5015620156764883,-0.4968730149821545,1.9572730709832327,0
1.0445886700665004,1.67673346440876,-0.9436941941880108,-0.5298096970953858,-1.5621040068874026,0.9222211187635337,1.2800478223256477,0.9881995390540949,1.5437363791441934,-1.5838494489101727,1.9937713956493237,-0.48903718977841476,-0.5015620156764883,-0.4968730149821545,-0.5109149126021805,0
0.4514866245777938,1.2182413006590855,-0.08938438388605292,3.804011956036605,-1.5621040068874026,0.33294244862709044,1.2800478223256477,0.8828661289169746,-1.3005499020979872,-0.314739313565483,-0.5015620156764883,-0.48903718977841476,-0.5015620156764883,-0.4968730149821545,1.9572730709832327,0
-0.3460887004539441,1.1544610354963318,-0.47434879932094415,1.6371011294706097,0.5014415768476076,-0.25633622150935287,-0.7812208126592922,0.8432063526076101,-0.9450141169427145,-0.9492943812378278,-0.5015620156764883,-0.48903718977841476,1.9937713956493237,-0.4968730149821545,-0.5109149126021805,0
-0.6189532490017663,-1.648298310558639,0.24480609135748693,3.804011956036605,1.5332143687151127,-0.25633622150935287,-0.7812208126592922,-1.2294288727415044,0.4771290236783756,-0.6320168474016554,-0.5015620156764883,2.044834259850677,-0.5015620156764883,-0.4968730149821545,-0.5109149126021805,0
0.10209712506951493,-1.6525486470210946,0.7070877501202072,-0.5298096970953858,-0.18640695106406252,1.511499788899977,-0.7812208126592922,0.03669713044147376,1.5437363791441934,1.5889258894515514,-0.5015620156764883,-0.48903718977841476,-0.5015620156764883,-0.4968730149821545,1.9572730709832327,0
-1.4562249743199462,-0.9485169827823668,-0.13242486285594746,0.5536457161876118,1.5332143687151127,-0.25633622150935287,1.2800478223256477,-1.1860443043338533,-1.6560856872532597,1.271648355615379,-0.5015620156764883,-0.48903718977841476,1.9937713956493237,-0.4968730149821545,-0.5109149126021805,0
0.516765745846069,1.143165229957979,-1.0092639299256225,1.6371011294706097,0.5014415768476076,1.511499788899977,-0.7812208126592922,1.1595668086513735,0.4771290236783756,-0.314739313565483,-0.5015620156764883,-0.48903718977841476,1.9937713956493237,-0.4968730149821545,-0.5109149126021805,0
0.48634242062318955,-0.9669841652638442,-0.4498061802631574,-0.5298096970953858,-0.8742554789757326,-0.25633622150935287,-0.7812208126592922,1.434967108115468,0.4771290236783756,-0.9492943812378278,-0.5015620156764883,-0.48903718977841476,-0.5015620156764883,2.0125866566448884,-0.5109149126021805,1
0.5197932792006205,0.8603021995841243,1.6328658859552854,-0.5298096970953858,-0.8742554789757326,0.9222211187635337,1.2800478223256477,0.20917395390918175,0.4771290236783756,1.5889258894515514,-0.5015620156764883,-0.48903718977841476,-0.5015620156764883,2.0125866566448884,-0.5109149126021805,1
1.5502284406045934,0.6034761959134846,0.7467345055031654,-0.5298096970953858,-0.5303312150198976,-0.25633622150935287,-0.7812208126592922,0.7414014007780837,0.8326648088336482,1.271648355615379,-0.5015620156764883,-0.48903718977841476,1.9937713956493237,-0.4968730149821545,-0.5109149126021805,0
0.08211850369054709,1.1557586135147389,1.6483437375326486,-0.5298096970953858,1.1892901047592777,0.9222211187635337,-0.7812208126592922,-1.347949340145388,1.1882005939889206,-1.2665719150740002,-0.5015620156764883,2.044834259850677,-0.5015620156764883,-0.4968730149821545,-0.5109149126021805,1
-0.8876353341318443,0.622742275605141,-0.5880346942268221,-0.5298096970953858,1.1892901047592777,0.9222211187635337,-0.7812208126592922,1.061862599199182,1.5437363791441934,1.5889258894515514,-0.5015620156764883,-0.48903718977841476,1.9937713956493237,-0.4968730149821545,-0.5109149126021805,1
1.0430269509816656,1.3254242992984324,0.8287903104814426,-0.5298096970953858,0.1575173128917725,-0.8456148916457962,-0.7812208126592922,-0.4725352071429441,0.8326648088336482,1.5889258894515514,-0.5015620156764883,2.044834259850677,-0.5015620156764883,-0.4968730149821545,-0.5109149126021805,1
1.369928795296754,-0.19970870863442422,-0.43739487631109286,-0.5298096970953858,0.5014415768476076,0.9222211187635337,1.2800478223256477,-1.4038331793954237,-1.3005499020979872,-0.6320168474016554,-0.5015620156764883,2.044834259850677,-0.5015620156764883,-0.4968730149821545,-0.5109149126021805,1
-1.2423929916581904,1.3185263100186955,1.0482944949650987,-0.5298096970953858,-0.5303312150198976,-0.8456148916457962,1.2800478223256477,1.1428462036559612,-0.589478331787442,-1.2665719150740002,-0.5015620156764883,2.044834259850677,-0.5015620156764883,-0.4968730149821545,-0.5109149126021805,1
1.1103480730842772,-0.5060335300800984,-0.19270449419638,-0.5298096970953858,-1.2181797429315677,-0.8456148916457962,-0.7812208126592922,1.4946381961369142,1.1882005939889206,1.271648355615379,1.9937713956493237,-0.48903718977841476,-0.5015620156764883,-0.4968730149821545,-0.5109149126021805,0
-0.697676031373343,-1.6224082078720907,-0.07009517282324423,1.6371011294706097,1.1892901047592777,-0.25633622150935287,-0.7812208126592922,-0.25514529573732186,0.8326648088336482,0.0025382202706893814,-0.5015620156764883,-0.48903718977841476,-0.5015620156764883,2.0125866566448884,-0.5109149126021805,0
0.6242032888154945,-0.18770569361391656,-1.622730343457033,-0.5298096970953858,0.1575173128917725,-0.8456148916457962,-0.7812208126592922,1.3881760457397008,-0.9450141169427145,-0.9492943812378278,-0.5015620156764883,-0.48903718977841476,-0.5015620156764883,2.0125866566448884,-0.5109149126021805,0
-0.27350040280152615,0.9690778165320572,1.334839255535385,-0.5298096970953858,-1.2181797429315677,0.9222211187635337,1.2800478223256477,1.632850032466705,-0.589478331787442,1.271648355615379,1.9937713956493237,-0.48903718977841476,-0.5015620156764883,-0.4968730149821545,-0.5109149126021805,1
-0.2658945246439821,-1.4844369727581894,-1.1549474576767873,1.6371011294706097,-1.5621040068874026,0.33294244862709044,1.2800478223256477,-0.5087497192124056,-0.589478331787442,-1.2665719150740002,1.9937713956493237,-0.48903718977841476,-0.5015620156764883,-0.4968730149821545,-0.5109149126021805,0
-1.0561154206237338,-1.2964598635597566,0.1724277851380326,-0.5298096970953858,-0.5303312150198976,0.9222211187635337,-0.7812208126592922,-1.444211738521406,-0.23394254663216946,1.271648355615379,-0.5015620156764883,2.044834259850677,-0.5015620156764883,-0.4968730149821545,-0.5109149126021805,0
1.6580573670804488,-0.43565910864155694,1.6464239730497734,-0.5298096970953858,-0.18640695106406252,-0.8456148916457962,1.2800478223256477,-0.6146473693864137,1.5437363791441934,-1.2665719150740002,1.9937713956493237,-0.48903718977841476,-0.5015620156764883,-0.4968730149821545,-0.5109149126021805,1
-0.43366692673768936,-0.09050262768597835,-1.0842083748758544,-0.5298096970953858,1.1892901047592777,0.33294244862709044,-0.7812208126592922,-0.6723761888292803,-0.23394254663216946,-1.5838494489101727,1.9937713956493237,-0.48903718977841476,-0.5015620156764883,-0.4968730149821545,-0.5109149126021805,1
1.1592160656493253,0.8945786308623523,1.0463605262552274,-0.5298096970953858,1.1892901047592777,0.33294244862709044,1.2800478223256477,-0.6123895509246704,1.5437363791441934,0.6370932879430342,-0.5015620156764883,2.044834259850677,-0.5015620156764883,-0.4968730149821545,-0.5109149126021805,1
1.6425912157679579,0.792456248868353,1.5889064561983102,0.5536457161876118,1.1892901047592777,-0.8456148916457962,-0.7812208126592922,1.599145256125049,-1.6560856872532597,0.9543708217792066,-0.5015620156764883,-0.48903718977841476,1.9937713956493237,-0.4968730149821545,-0.5109149126021805,1
0.6467514402264641,1.0924743709019609,-0.006899764296243266,-0.5298096970953858,0.5014415768476076,1.511499788899977,-0.7812208126592922,0.047222014388288394,0.4771290236783756,1.271648355615379,-0.5015620156764883,-0.48903718977841476,1.9937713956493237,-0.4968730149821545,-0.5109149126021805,1
-1.6552016940496028,-0.45996116228033707,1.3063145664076592,2.7205565427536076,0.5014415768476076,-1.4348935617822394,1.2800478223256477,0.39383467373659425,-0.9450141169427145,1.5889258894515514,-0.5015620156764883,2.044834259850677,-0.5015620156764883,-0.4968730149821545,-0.5109149126021805,1
0.3589880688676348,-0.8482309113180129,1.1585480546923057,-0.5298096970953858,0.5014415768476076,-0.8456148916457962,1.2800478223256477,-0.4141180684360348,0.12159323852310308,-1.5838494489101727,-0.5015620156764883,-0.48903718977841476,-0.5015620156764883,2.0125866566448884,-0.5109149126021805,0
0.35574408355545745,-1.5297362010441449,0.6544159856293398,-0.5298096970953858,-1.2181797429315677,-1.4348935617822394,-0.7812208126592922,0.09456570055018504,-1.6560856872532597,-1.5838494489101727,1.9937713956493237,-0.48903718977841476,-0.5015620156764883,-0.4968730149821545,-0.5109149126021805,0
0.3093647322498655,1.4417919163436876,0.8901085805184039,2.7205565427536076,-0.8742554789757326,-0.8456148916457962,-0.7812208126592922,-1.4977592172190617,-1.6560856872532597,-0.9492943812378278,-0.5015620156764883,-0.48903718977841476,-0.5015620156764883,2.0125866566448884,-0.5109149126021805,0
-0.8387492364690079,1.1395038136575737,-0.5741092076807861,-0.5298096970953858,1.1892901047592777,1.511499788899977,-0.7812208126592922,-1.6253578217284277,-0.23394254663216946,-1.5838494489101727,-0.5015620156764883,-0.48903718977841476,-0.5015620156764883,-0.4968730149821545,1.9572730709832327,1
-0.7168777790683691,-0.2933132429900289,-1.5504456507130593,-0.5298096970953858,0.5014415768476076,1.511499788899977,-0.7812208126592922,-1.4471553234010301,0.12159323852310308,-0.6320168474016554,-0.5015620156764883,-0.48903718977841476,-0.5015620156764883,-0.4968730149821545,1.9572730709832327,0
-1.252071299016956,-0.8285432130719034,0.5651582234982314,-0.5298096970953858,0.1575173128917725,-0.25633622150935287,1.2800478223256477,1.661948420266544,0.4771290236783756,-0.9492943812378278,-0.5015620156764883,-0.48903718977841476,-0.5015620156764883,-0.4968730149821545,1.9572730709832327,1
-1.0563041837828138,0.6798908014157595,0.10331145791376084,-0.5298096970953858,-0.18640695106406252,0.9222211187635337,1.2800478223256477,1.158842335286258,1.5437363791441934,-0.314739313565483,-0.5015620156764883,-0.48903718977841476,-0.5015620156764883,-0.4968730149821545,1.9572730709832327,1
0.6228919184839083,-1.1930136689178763,-1.2406126655636172,2.7205565427536076,-1.2181797429315677,-0.25633622150935287,-0.7812208126592922,0.678582774171219,0.8326648088336482,1.271648355615379,1.9937713956493237,-0.48903718977841476,-0.5015620156764883,-0.4968730149821545,-0.5109149126021805,0
-1.2610593981397498,0.11119562007849733,1.198539715558413,-0.5298096970953858,1.5332143687151127,-1.4348935617822394,-0.7812208126592922,0.8645204891285451,0.4771290236783756,-0.314739313565483,1.9937713956493237,-0.48903718977841476,-0.5015620156764883,-0.4968730149821545,-0.5109149126021805,1
-0.7290470705260266,-0.9578964333366098,0.8928286820103573,1.6371011294706097,0.8453658408034426,0.33294244862709044,-0.7812208126592922,0.9123775071581491,0.12159323852310308,0.0025382202706893814,-0.5015620156764883,-0.48903718977841476,-0.5015620156764883,2.0125866566448884,-0.5109149126021805,1
-0.7137260919380014,0.29424886767791514,1.0187444134786678,-0.5298096970953858,-0.5303312150198976,-1.4348935617822394,1.2800478223256477,0.9642357541263792,1.1882005939889206,-1.5838494489101727,-0.5015620156764883,-0.48903718977841476,-0.5015620156764883,2.0125866566448884,-0.5109149126021805,1
0.22241850323327766,-1.5038165622681299,0.9075142651051642,-0.5298096970953858,0.8453658408034426,-0.25633622150935287,-0.7812208126592922,-0.8793275896019939,0.4771290236783756,-0.9492943812378278,1.9937713956493237,-0.48903718977841476,-0.5015620156764883,-0.4968730149821545,-0.5109149126021805,0
0.8688264919048408,-0.06429231028370996,-0.18838854027483065,-0.5298096970953858,-1.2181797429315677,1.511499788899977,-0.7812208126592922,-0.901515317601657,0.12159323852310308,-0.9492943812378278,-0.5015620156764883,2.044834259850677,-0.5015620156764883,-0.4968730149821545,-0.5109149126021805,0
-0.564595176603871,-1.4540158528972804,1.1254956959228375,-0.5298096970953858,1.1892901047592777,0.9222211187635337,-0.7812208126592922,1.2671335393103393,0.12159323852310308,0.0025382202706893814,-0.5015620156764883,-0.48903718977841476,1.9937713956493237,-0.4968730149821545,-0.5109149126021805,1
0.32868545370540353,0.7889792339059906,1.6478158769770455,-0.5298096970953858,-1.5621040068874026,-1.4348935617822394,-0.7812208126592922,-0.7357495406982135,-1.3005499020979872,1.271648355615379,-0.5015620156764883,2.044834259850677,-0.5015620156764883,-0.4968730149821545,-0.5109149126021805,0
1.538547397868882,1.4794029172253433,-1.1586843039140324,-0.5298096970953858,0.5014415768476076,-0.8456148916457962,-0.7812208126592922,-0.7130932695641471,-0.23394254663216946,0.3198157541068618,-0.5015620156764883,-0.48903718977841476,-0.5015620156764883,2.0125866566448884,-0.5109149126021805,1
-1.5862137996934182,-0.7172515943749143,0.3053899318141327,-0.5298096970953858,1.5332143687151127,-0.25633622150935287,-0.7812208126592922,1.3754437295170874,1.1882005939889206,-0.6320168474016554,-0.5015620156764883,-0.48903718977841476,-0.5015620156764883,2.0125866566448884,-0.5109149126021805,1
0.7308482741880026,0.5930992537441386,-0.4589999140297714,0.5536457161876118,-1.2181797429315677,-0.25633622150935287,-0.7812208126592922,0.8937896424314765,-1.6560856872532597,0.0025382202706893814,-0.5015620156764883,2.044834259850677,-0.5015620156764883,-0.4968730149821545,-0.5109149126021805,0
1.4254384268353395,0.8672416636556302,1.0626072885123312,-0.5298096970953858,0.5014415768476076,0.9222211187635337,-0.7812208126592922,1.5202226580026237,0.4771290236783756,-0.9492943812378278,-0.5015620156764883,-0.48903718977841476,-0.5015620156764883,2.0125866566448884,-0.5109149126021805,1
0.8240346802750904,-0.9171132408633411,-1.6480663022853366,-0.5298096970953858,-0.8742554789757326,-1.4348935617822394,-0.7812208126592922,1.473220346340195,-0.589478331787442,1.271648355615379,-0.5015620156764883,-0.48903718977841476,-0.5015620156764883,-0.4968730149821545,1.9572730709832327,0
0.28842151235145685,0.6339599082728127,-0.35934621705881176,-0.5298096970953858,1.1892901047592777,-0.25633622150935287,-0.7812208126592922,0.13811973931546093,-1.3005499020979872,0.3198157541068618,-0.5015620156764883,-0.48903718977841476,-0.5015620156764883,2.0125866566448884,-0.5109149126021805,1
0.10954679634168235,-1.0507571157239504,-1.7029005589489827,-0.5298096970953858,1.5332143687151127,1.511499788899977,-0.7812208126592922,-1.5166518075728577,-0.9450141169427145,1.5889258894515514,-0.5015620156764883,-0.48903718977841476,-0.5015620156764883,-0.4968730149821545,1.9572730709832327,0
-1.5015278930132816,-0.2551652750963483,1.6301587355049298,-0.5298096970953858,-0.18640695106406252,-1.4348935617822394,-0.7812208126592922,-1.4582303444779687,-1.6560856872532597,1.271648355615379,-0.5015620156764883,2.044834259850677,-0.5015620156764883,-0.4968730149821545,-0.5109149126021805,0
-0.36014374504049346,-0.08729840178583456,1.4016547152328327,-0.5298096970953858,-0.18640695106406252,1.511499788899977,-0.7812208126592922,1.2540006961777714,0.4771290236783756,-0.314739313565483,-0.5015620156764883,2.044834259850677,-0.5015620156764883,-0.4968730149821545,-0.5109149126021805,1
-1.2003242172988926,0.008234461009615621,-1.5031584958507367,-0.5298096970953858,-1.2181797429315677,-0.25633622150935287,1.2800478223256477,1.5670544145893723,-0.23394254663216946,1.5889258894515514,-0.5015620156764883,-0.48903718977841476,-0.5015620156764883,2.0125866566448884,-0.5109149126021805,0
0.5443784535724253,0.4938152793160402,1.3007626347805228,-0.5298096970953858,0.8453658408034426,1.511499788899977,-0.7812208126592922,-0.3887133084410107,-0.9450141169427145,-0.9492943812378278,-0.5015620156764883,-0.48903718977841476,1.9937713956493237,-0.4968730149821545,-0.5109149126021805,1
0.008111718813919373,1.4516022788802692,-1.2501652063261677,-0.5298096970953858,1.5332143687151127,1.511499788899977,1.2800478223256477,-1.571725730903536,-0.9450141169427145,0.9543708217792066,-0.5015620156764883,2.044834259850677,-0.5015620156764883,-0.4968730149821545,-0.5109149126021805,1
1.4625678416646377,1.5394861131667177,-1.1879458825886244,-0.5298096970953858,-1.2181797429315677,0.33294244862709044,1.2800478223256477,-0.9194951345306993,-1.3005499020979872,0.9543708217792066,-0.5015620156764883,-0.48903718977841476,-0.5015620156764883,2.0125866566448884,-0.5109149126021805,1
0.0978847932842816,1.5779920332653183,0.926659127925033,-0.5298096970953858,-0.8742554789757326,1.511499788899977,1.2800478223256477,-1.6288182739430401,-1.3005499020979872,0.0025382202706893814,-0.5015620156764883,-0.48903718977841476,-0.5015620156764883,2.0125866566448884,-0.5109149126021805,1
0.11689978799222714,-1.1285587254079115,1.5421996389723422,-0.5298096970953858,-0.5303312150198976,-0.8456148916457962,-0.7812208126592922,1.7503619825388497,0.4771290236783756,1.271648355615379,-0.5015620156764883,-0.48903718977841476,1.9937713956493237,-0.4968730149821545,-0.5109149126021805,0
-0.6735294448791365,-0.7374056718697851,0.03427560602092403,-0.5298096970953858,1.5332143687151127,-0.8456148916457962,-0.7812208126592922,-1.4824788089264114,1.1882005939889206,-0.6320168474016554,-0.5015620156764883,-0.48903718977841476,-0.5015620156764883,-0.4968730149821545,1.9572730709832327,1
-1.390851879853114,-1.6519112942454584,-1.3481799499882898,-0.5298096970953858,-0.5303312150198976,0.33294244862709044,1.2800478223256477,-0.1406329776782519,1.5437363791441934,1.5889258894515514,-0.5015620156764883,2.044834259850677,-0.5015620156764883,-0.4968730149821545,-0.5109149126021805,0
0.4864846943149224,-1.2948314157675405,0.40795553618336056,-0.5298096970953858,1.5332143687151127,0.9222211187635337,-0.7812208126592922,-0.10701120393684244,-1.3005499020979872,-0.6320168474016554,-0.5015620156764883,2.044834259850677,-0.5015620156764883,-0.4968730149821545,-0.5109149126021805,1
-0.29717905967183245,-1.0100283030780526,1.5582257140570868,-0.5298096970953858,0.8453658408034426,1.511499788899977,1.2800478223256477,-1.3041278599555126,0.8326648088336482,-0.314739313565483,-0.5015620156764883,-0.48903718977841476,-0.5015620156764883,2.0125866566448884,-0.5109149126021805,1
-1.1185287330546094,0.3704997235431648,-0.06308722234254871,-0.5298096970953858,-0.8742554789757326,0.33294244862709044,-0.7812208126592922,0.8180281627272066,-1.6560856872532597,-1.5838494489101727,-0.5015620156764883,-0.48903718977841476,1.9937713956493237,-0.4968730149821545,-0.5109149126021805,1
1.4120160924515746,-1.1621480516002756,-1.4824478832137746,-0.5298096970953858,-0.8742554789757326,0.33294244862709044,1.2800478223256477,-1.1615379433551605,0.4771290236783756,-0.9492943812378278,-0.5015620156764883,-0.48903718977841476,1.9937713956493237,-0.4968730149821545,-0.5109149126021805,1
-0.5262221781788793,-0.6683969923354474,-1.2971364034931112,-0.5298096970953858,0.5014415768476076,-1.4348935617822394,-0.7812208126592922,0.44388908973521296,-0.23394254663216946,0.6370932879430342,1.9937713956493237,-0.48903718977841476,-0.5015620156764883,-0.4968730149821545,-0.5109149126021805,0
-1.42627554416227,1.030080679655758,-1.2795748788744388,2.7205565427536076,0.8453658408034426,1.511499788899977,-0.7812208126592922,-1.3424182922602417,-1.6560856872532597,-0.6320168474016554,-0.5015620156764883,-0.48903718977841476,-0.5015620156764883,2.0125866566448884,-0.5109149126021805,0
-1.6631475056898628,-1.320455826523594,-0.9421748402499064,-0.5298096970953858,-0.5303312150198976,0.9222211187635337,-0.7812208126592922,-0.2192240965482222,0.8326648088336482,0.3198157541068618,-0.5015620156764883,-0.48903718977841476,-0.5015620156764883,-0.4968730149821545,1.9572730709832327,0
1.2198849458785193,0.9519095249132378,-0.7837498168046885,1.6371011294706097,0.5014415768476076,0.9222211187635337,1.2800478223256477,1.2854181569126708,0.4771290236783756,0.0025382202706893814,-0.5015620156764883,-0.48903718977841476,-0.5015620156764883,-0.4968730149821545,1.9572730709832327,1
-0.8252449983226386,-1.1406580088408333,-0.6389866854797934,-0.5298096970953858,1.1892901047592777,-1.4348935617822394,1.2800478223256477,0.998756077923901,-1.3005499020979872,-0.314739313565483,-0.5015620156764883,-0.48903718977841476,1.9937713956493237,-0.4968730149821545,-0.5109149126021805,1
0.3413154717378702,-0.28515949453780104,-0.7128904822470595,0.5536457161876118,-0.8742554789757326,0.9222211187635337,-0.7812208126592922,0.13705566601153504,0.4771290236783756,0.3198157541068618,1.9937713956493237,-0.48903718977841476,-0.5015620156764883,-0.4968730149821545,-0.5109149126021805,0
1.0842043336890157,-0.1822595471536139,0.6402094328477875,-0.5298096970953858,0.5014415768476076,0.9222211187635337,-0.7812208126592922,-1.59700275336788,-0.23394254663216946,-0.9492943812378278,-0.5015620156764883,-0.48903718977841476,-0.5015620156764883,-0.4968730149821545,1.9572730709832327,1
1.5769573316843202,0.11944662666471825,-0.8791793021843579,0.5536457161876118,-1.5621040068874026,0.33294244862709044,-0.7812208126592922,1.5410248555375328,1.5437363791441934,0.0025382202706893814,-0.5015620156764883,-0.48903718977841476,-0.5015620156764883,2.0125866566448884,-0.5109149126021805,0
1.4522429814770579,1.0889878383843976,0.28006534373172076,-0.5298096970953858,-1.5621040068874026,0.33294244862709044,-0.7812208126592922,1.617797112193199,0.4771290236783756,1.5889258894515514,-0.5015620156764883,-0.48903718977841476,1.9937713956493237,-0.4968730149821545,-0.5109149126021805,0
-1.3139376311521427,-0.16720240186337648,0.6968853641211034,-0.5298096970953858,-0.8742554789757326,-0.25633622150935287,-0.7812208126592922,1.1273242587710195,0.8326648088336482,-0.6320168474016554,-0.5015620156764883,-0.48903718977841476,1.9937713956493237,-0.4968730149821545,-0.5109149126021805,1
-0.9496599141891878,-0.9250214571741563,0.7045110007368025,0.5536457161876118,1.5332143687151127,-0.8456148916457962,-0.7812208126592922,-1.482007158552527,-0.9450141169427145,0.0025382202706893814,-0.5015620156764883,-0.48903718977841476,-0.5015620156764883,-0.4968730149821545,1.9572730709832327,1
1.2769110853851933,0.9564583999509596,-1.6357699092635978,0.5536457161876118,-1.5621040068874026,-0.8456148916457962,-0.7812208126592922,-0.9226385735512674,1.5437363791441934,1.271648355615379,-0.5015620156764883,-0.48903718977841476,1.9937713956493237,-0.4968730149821545,-0.5109149126021805,0
-1.647513377931609,0.901885768427236,1.430738689425229,0.5536457161876118,-1.5621040068874026,0.33294244862709044,-0.7812208126592922,1.8390349746131913,-0.9450141169427145,0.9543708217792066,-0.5015620156764883,-0.48903718977841476,-0.5015620156764883,2.0125866566448884,-0.5109149126021805,0
1.6280469664619193,-1.47260157426675,0.36527028831502784,-0.5298096970953858,-0.8742554789757326,-0.8456148916457962,-0.7812208126592922,-0.9487870778224595,-1.6560856872532597,0.0025382202706893814,1.9937713956493237,-0.48903718977841476,-0.5015620156764883,-0.4968730149821545,-0.5109149126021805,1
-1.165579852566671,-0.6561017026185418,-0.23952778042413805,2.7205565427536076,-0.5303312150198976,-1.4348935617822394,-0.7812208126592922,-0.25011155027375936,0.8326648088336482,0.6370932879430342,-0.5015620156764883,-0.48903718977841476,1.9937713956493237,-0.4968730149821545,-0.5109149126021805,0
1.5738257546356464,0.3454543488718536,1.1859860432295137,0.5536457161876118,1.1892901047592777,-0.25633622150935287,1.2800478223256477,1.4616620487230712,0.4771290236783756,0.6370932879430342,1.9937713956493237,-0.48903718977841476,-0.5015620156764883,-0.4968730149821545,-0.5109149126021805,1
1.361162775514956,1.5230405105325973,1.5609917792548735,-0.5298096970953858,-0.18640695106406252,-1.4348935617822394,-0.7812208126592922,1.7184617631302466,1.1882005939889206,1.5889258894515514,-0.5015620156764883,-0.48903718977841476,-0.5015620156764883,-0.4968730149821545,1.9572730709832327,1
-1.2981863746800504,-1.6320507664943653,0.26868891816013746,2.7205565427536076,-0.5303312150198976,-1.4348935617822394,-0.7812208126592922,-1.5079261847331402,0.8326648088336482,0.0025382202706893814,-0.5015620156764883,-0.48903718977841476,-0.5015620156764883,-0.4968730149821545,1.9572730709832327,0
1.6128359998721375,0.7149875694453491,-1.305902899088846,-0.5298096970953858,1.1892901047592777,1.511499788899977,-0.7812208126592922,-0.551581276560787,-0.589478331787442,1.5889258894515514,-0.5015620156764883,-0.48903718977841476,-0.5015620156764883,-0.4968730149821545,1.9572730709832327,1
0.7636812019622787,0.4883834630747873,1.59044780666448,2.7205565427536076,-1.2181797429315677,0.33294244862709044,1.2800478223256477,-0.2846645706257201,1.1882005939889206,0.9543708217792066,-0.5015620156764883,-0.48903718977841476,-0.5015620156764883,-0.4968730149821545,1.9572730709832327,1
-1.343952545231718,-1.631141853024586,-0.2872621563951308,-0.5298096970953858,0.8453658408034426,0.33294244862709044,1.2800478223256477,-1.4197703540401438,-0.23394254663216946,-1.5838494489101727,-0.5015620156764883,2.044834259850677,-0.5015620156764883,-0.4968730149821545,-0.5109149126021805,1
1.390724057107609,-1.0922766111239113,-0.7570102621285637,0.5536457161876118,0.5014415768476076,0.9222211187635337,-0.7812208126592922,1.5647384570426497,-1.3005499020979872,-0.9492943812378278,-0.5015620156764883,2.044834259850677,-0.5015620156764883,-0.4968730149821545,-0.5109149126021805,1
-0.47833279693773084,1.080649732990806,-0.34259060002970576,-0.5298096970953858,-0.5303312150198976,1.511499788899977,-0.7812208126592922,-0.8709244729310438,0.8326648088336482,-1.5838494489101727,-0.5015620156764883,-0.48903718977841476,1.9937713956493237,-0.4968730149821545,-0.5109149126021805,1
0.43012775840667095,-0.279149844518888,0.5719464232451634,0.5536457161876118,0.8453658408034426,-1.4348935617822394,-0.7812208126592922,1.8084384417702983,-1.3005499020979872,-0.314739313565483,-0.5015620156764883,2.044834259850677,-0.5015620156764883,-0.4968730149821545,-0.5109149126021805,0
-0.8938800463052273,0.6201721266705151,-1.5781765823793301,0.5536457161876118,0.8453658408034426,1.511499788899977,-0.7812208126592922,1.2304732518312491,-1.6560856872532597,-0.9492943812378278,1.9937713956493237,-0.48903718977841476,-0.5015620156764883,-0.4968730149821545,-0.5109149126021805,0
1.5879654372990426,0.923079287314183,-1.6099451203560327,-0.5298096970953858,0.1575173128917725,-0.8456148916457962,-0.7812208126592922,-0.2810910592300152,1.1882005939889206,0.0025382202706893814,-0.5015620156764883,2.044834259850677,-0.5015620156764883,-0.4968730149821545,-0.5109149126021805,0
-0.951800563322426,-1.6010973517992166,-1.2499976850057126,-0.5298096970953858,0.5014415768476076,0.9222211187635337,1.2800478223256477,-1.6797571788959653,0.8326648088336482,-1.2665719150740002,-0.5015620156764883,-0.48903718977841476,-0.5015620156764883,2.0125866566448884,-0.5109149126021805,0
0.7045336051381597,0.46760248916848113,-1.2766946962177803,-0.5298096970953858,-0.18640695106406252,0.9222211187635337,-0.7812208126592922,1.4696945419825829,-1.3005499020979872,-0.314739313565483,-0.5015620156764883,-0.48903718977841476,-0.5015620156764883,-0.4968730149821545,1.9572730709832327,0
-1.1004490129096938,-1.0791190278968723,0.43765699352074683,-0.5298096970953858,-1.2181797429315677,0.9222211187635337,-0.7812208126592922,-0.612606208270288,-0.9450141169427145,0.0025382202706893814,-0.5015620156764883,-0.48903718977841476,1.9937713956493237,-0.4968730149821545,-0.5109149126021805,0
-1.0713232068743752,-1.2879701384309896,0.3396167030916239,-0.5298096970953858,-0.18640695106406252,-0.8456148916457962,-0.7812208126592922,0.5154296626471139,-0.23394254663216946,0.6370932879430342,-0.5015620156764883,2.044834259850677,-0.5015620156764883,-0.4968730149821545,-0.5109149126021805,0
1.4486187154086994,-1.6004398682132213,0.5156752861432974,-0.5298096970953858,1.1892901047592777,0.9222211187635337,-0.7812208126592922,0.8865164797900493,0.4771290236783756,1.271648355615379,-0.5015620156764883,-0.48903718977841476,1.9937713956493237,-0.4968730149821545,-0.5109149126021805,1
-0.5804163119325456,1.113247106006609,0.4534366375908312,1.6371011294706097,0.8453658408034426,-1.4348935617822394,-0.7812208126592922,-0.6071743307320253,0.12159323852310308,-0.6320168474016554,-0.5015620156764883,-0.48903718977841476,1.9937713956493237,-0.4968730149821545,-0.5109149126021805,1
-1.6341657009657418,-0.4617468301931934,-0.378439354482982,-0.5298096970953858,-0.5303312150198976,0.9222211187635337,-0.7812208126592922,1.3589529413472015,0.8326648088336482,-1.2665719150740002,-0.5015620156764883,2.044834259850677,-0.5015620156764883,-0.4968730149821545,-0.5109149126021805,0
-0.746979270995962,0.3533985578800785,0.17313720979753464,0.5536457161876118,-1.2181797429315677,-1.4348935617822394,-0.7812208126592922,-1.5950902716611344,0.12159323852310308,-0.6320168474016554,-0.5015620156764883,-0.48903718977841476,1.9937713956493237,-0.4968730149821545,-0.5109149126021805,0
0.35390066603634246,-1.2987910409642234,1.564024134264474,-0.5298096970953858,0.8453658408034426,-0.8456148916457962,1.2800478223256477,0.8070239489108139,0.8326648088336482,-0.314739313565483,-0.5015620156764883,-0.48903718977841476,-0.5015620156764883,-0.4968730149821545,1.9572730709832327,1
-1.4914655985716694,0.4028377901443593,-1.6981697497288046,0.5536457161876118,0.5014415768476076,-0.25633622150935287,-0.7812208126592922,-0.0984311852262157,-1.3005499020979872,0.6370932879430342,-0.5015620156764883,-0.48903718977841476,-0.5015620156764883,-0.4968730149821545,1.9572730709832327,0
0.32212525695450855,-0.6246717070175857,-0.13675104851314895,-0.5298096970953858,1.5332143687151127,-1.4348935617822394,-0.7812208126592922,-1.3725536078760234,-0.589478331787442,1.5889258894515514,-0.5015620156764883,-0.48903718977841476,-0.5015620156764883,2.0125866566448884,-0.5109149126021805,1
-0.534305938642754,-1.0988623253899197,-0.22285017197001736,0.5536457161876118,-1.2181797429315677,0.33294244862709044,-0.7812208126592922,-0.9658093168058137,0.4771290236783756,-1.2665719150740002,-0.5015620156764883,-0.48903718977841476,1.9937713956493237,-0.4968730149821545,-0.5109149126021805,0
0.6660289126837082,-0.43425576208849,-1.0392470132498663,1.6371011294706097,-0.5303312150198976,-0.25633622150935287,-0.7812208126592922,-0.8100014474132133,-0.9450141169427145,0.6370932879430342,-0.5015620156764883,-0.48903718977841476,1.9937713956493237,-0.4968730149821545,-0.5109149126021805,0
-0.1295142793342967,0.324829004513746,0.5508172458417039,0.5536457161876118,1.1892901047592777,-0.8456148916457962,1.2800478223256477,-1.1813030673308416,0.8326648088336482,1.271648355615379,-0.5015620156764883,2.044834259850677,-0.5015620156764883,-0.4968730149821545,-0.5109149126021805,1
-0.41130633296770613,1.1565592797583342,1.6970150727703741,-0.5298096970953858,-0.18640695106406252,-1.4348935617822394,-0.7812208126592922,0.3257219199572829,-0.9450141169427145,0.3198157541068618,-0.5015620156764883,-0.48903718977841476,-0.5015620156764883,-0.4968730149821545,1.9572730709832327,1
-0.33566932557392415,0.5496867765978702,-0.9294134783088831,-0.5298096970953858,0.1575173128917725,-1.4348935617822394,-0.7812208126592922,-0.7878432426787727,-1.6560856872532597,0.0025382202706893814,1.9937713956493237,-0.48903718977841476,-0.5015620156764883,-0.4968730149821545,-0.5109149126021805,0
-1.144225891193919,0.12059802298726169,-0.08973289678738804,-0.5298096970953858,1.1892901047592777,1.511499788899977,-0.7812208126592922,-1.6803161297420057,0.4771290236783756,-0.9492943812378278,-0.5015620156764883,-0.48903718977841476,-0.5015620156764883,2.0125866566448884,-0.5109149126021805,1
-1.2119714874178473,0.9365315946888263,-1.5564022579718586,-0.5298096970953858,1.1892901047592777,-0.8456148916457962,-0.7812208126592922,-1.3168015490833118,1.5437363791441934,1.5889258894515514,-0.5015620156764883,-0.48903718977841476,-0.5015620156764883,-0.4968730149821545,1.9572730709832327,0
0.278625247415186,1.4235533832631015,-1.301204212510533,1.6371011294706097,-1.2181797429315677,-0.8456148916457962,-0.7812208126592922,0.11524587837202513,-0.589478331787442,0.0025382202706893814,-0.5015620156764883,2.044834259850677,-0.5015620156764883,-0.4968730149821545,-0.5109149126021805,0
-0.8507250018395783,0.6887830171322318,0.5595974135268079,0.5536457161876118,0.1575173128917725,1.511499788899977,-0.7812208126592922,-1.2321776490348328,0.12159323852310308,0.6370932879430342,-0.5015620156764883,-0.48903718977841476,-0.5015620156764883,-0.4968730149821545,1.9572730709832327,1
-0.816659707837771,-0.1559349881536266,1.647983837497968,-0.5298096970953858,-0.18640695106406252,0.9222211187635337,-0.7812208126592922,-0.8155500900221598,-0.589478331787442,-1.5838494489101727,-0.5015620156764883,-0.48903718977841476,-0.5015620156764883,2.0125866566448884,-0.5109149126021805,1
-0.031221659057115825,0.1455680150027231,0.9311150400386294,-0.5298096970953858,-0.8742554789757326,-1.4348935617822394,-0.7812208126592922,-0.6984088572960839,0.12159323852310308,1.271648355615379,-0.5015620156764883,2.044834259850677,-0.5015620156764883,-0.4968730149821545,-0.5109149126021805,0
1.7216551222359642,0.5498356798712328,1.265153078288485,0.5536457161876118,0.1575173128917725,1.511499788899977,-0.7812208126592922,-1.188787589078762,0.4771290236783756,1.271648355615379,1.9937713956493237,-0.48903718977841476,-0.5015620156764883,-0.4968730149821545,-0.5109149126021805,1
-0.7957557663762341,1.6045297205080797,1.1464421921791221,-0.5298096970953858,-0.18640695106406252,1.511499788899977,-0.7812208126592922,1.0297183660033316,0.4771290236783756,-1.2665719150740002,-0.5015620156764883,-0.48903718977841476,1.9937713956493237,-0.4968730149821545,-0.5109149126021805,1
0.4217888028376381,1.0476800857897615,-1.5143011608451666,-0.5298096970953858,-1.2181797429315677,-1.4348935617822394,-0.7812208126592922,0.48206207263768197,-0.9450141169427145,0.9543708217792066,-0.5015620156764883,2.044834259850677,-0.5015620156764883,-0.4968730149821545,-0.5109149126021805,0
-1.5241184595450872,-0.092937047165028,0.5113700596060259,-0.5298096970953858,0.5014415768476076,-0.8456148916457962,-0.7812208126592922,1.1003410076733764,-1.3005499020979872,1.5889258894515514,-0.5015620156764883,-0.48903718977841476,1.9937713956493237,-0.4968730149821545,-0.5109149126021805,1
0.12823861983187101,-0.616291690108732,0.10663624504964701,0.5536457161876118,-0.5303312150198976,1.511499788899977,-0.7812208126592922,1.5012388791946658,-0.23394254663216946,-0.314739313565483,-0.5015620156764883,-0.48903718977841476,-0.5015620156764883,-0.4968730149821545,1.9572730709832327,1
0.7322932103272661,-0.5259346231866515,1.0054417882851479,-0.5298096970953858,-1.5621040068874026,1.511499788899977,1.2800478223256477,-0.8949880452549965,-0.23394254663216946,-0.314739313565483,-0.5015620156764883,2.044834259850677,-0.5015620156764883,-0.4968730149821545,-0.5109149126021805,1
-1.5538372297561949,0.8492721157308429,-0.9691050311530942,-0.5298096970953858,-1.5621040068874026,0.9222211187635337,-0.7812208126592922,-0.9814938835337037,-0.23394254663216946,-0.6320168474016554,-0.5015620156764883,-0.48903718977841476,-0.5015620156764883,2.0125866566448884,-0.5109149126021805,0
0.18252706738730068,-0.8464625123771315,-1.2234346114481773,-0.5298096970953858,-1.2181797429315677,-1.4348935617822394,1.2800478223256477,-0.07656316500699205,-0.9450141169427145,0.6370932879430342,-0.5015620156764883,2.044834259850677,-0.5015620156764883,-0.4968730149821545,-0.5109149126021805,0
1.2359278227604558,-1.334420272024083,0.5741066778138585,-0.5298096970953858,-0.18640695106406252,0.33294244862709044,-0.7812208126592922,-1.2403505311187428,-0.23394254663216946,-0.314739313565483,1.9937713956493237,-0.48903718977841476,-0.5015620156764883,-0.4968730149821545,-0.5109149126021805,0
-1.2012780676893655,-0.7179345192385114,0.19881833737286927,-0.5298096970953858,1.5332143687151127,1.511499788899977,1.2800478223256477,1.7157324902922528,0.4771290236783756,-0.6320168474016554,1.9937713956493237,-0.48903718977841476,-0.5015620156764883,-0.4968730149821545,-0.5109149126021805,1
1.6178287892807375,1.062445103258834,0.6878940220803602,-0.5298096970953858,0.1575173128917725,-0.8456148916457962,-0.7812208126592922,0.8583279385619376,1.1882005939889206,-0.6320168474016554,-0.5015620156764883,-0.48903718977841476,1.9937713956493237,-0.4968730149821545,-0.5109149126021805,1
-1.2720882166487673,0.5200185207104141,-0.3463578062249534,-0.5298096970953858,-1.5621040068874026,1.511499788899977,1.2800478223256477,1.2818107910885428,-1.6560856872532597,1.271648355615379,-0.5015620156764883,-0.48903718977841476,-0.5015620156764883,2.0125866566448884,-0.5109149126021805,0
-0.4194420818349371,1.0916153226342602,0.5119693727120138,-0.5298096970953858,-1.5621040068874026,-0.25633622150935287,-0.7812208126592922,-0.18631563365882106,-0.9450141169427145,0.6370932879430342,1.9937713956493237,-0.48903718977841476,-0.5015620156764883,-0.4968730149821545,-0.5109149126021805,0
1.0549583884641773,-0.9073033698090123,0.8301695796435623,0.5536457161876118,-1.5621040068874026,1.511499788899977,-0.7812208126592922,0.38173004102917607,1.1882005939889206,-0.6320168474016554,-0.5015620156764883,-0.48903718977841476,1.9937713956493237,-0.4968730149821545,-0.5109149126021805,1
-0.3668535361978095,1.4590143044698232,0.6615168154253065,1.6371011294706097,0.1575173128917725,-0.8456148916457962,-0.7812208126592922,-0.7822277503694566,0.12159323852310308,0.3198157541068618,-0.5015620156764883,-0.48903718977841476,-0.5015620156764883,2.0125866566448884,-0.5109149126021805,0
1.3937376385485682,0.2573352517595848,1.3932845001415017,1.6371011294706097,0.5014415768476076,-1.4348935617822394,-0.7812208126592922,-1.4163634354151764,-0.23394254663216946,1.271648355615379,-0.5015620156764883,-0.48903718977841476,-0.5015620156764883,2.0125866566448884,-0.5109149126021805,0
1.072718342909832,-0.6226027214639698,0.2746475200923707,1.6371011294706097,0.8453658408034426,-0.25633622150935287,-0.7812208126592922,-1.5266529952215435,-0.23394254663216946,0.0025382202706893814,-0.5015620156764883,2.044834259850677,-0.5015620156764883,-0.4968730149821545,-0.5109149126021805,0
0.8431337467454763,0.9164250735832651,1.6346129741693511,2.7205565427536076,-1.2181797429315677,1.511499788899977,-0.7812208126592922,-0.2798798627759765,1.1882005939889206,1.271648355615379,1.9937713956493237,-0.48903718977841476,-0.5015620156764883,-0.4968730149821545,-0.5109149126021805,0
0.28487611490286324,-1.540626809285172,-1.6344987835924725,-0.5298096970953858,0.8453658408034426,-0.25633622150935287,1.2800478223256477,0.08212420564291503,-1.6560856872532597,1.271648355615379,1.9937713956493237,-0.48903718977841476,-0.5015620156764883,-0.4968730149821545,-0.5109149126021805,1
0.44479429259424913,-0.4580324286777641,-1.0297864181243288,-0.5298096970953858,1.1892901047592777,-1.4348935617822394,-0.7812208126592922,-1.1034658571018177,-0.9450141169427145,0.0025382202706893814,-0.5015620156764883,-0.48903718977841476,-0.5015620156764883,2.0125866566448884,-0.5109149126021805,0
-0.19317326386286432,0.7538314228796954,-0.5081576183302055,-0.5298096970953858,0.8453658408034426,0.33294244862709044,1.2800478223256477,1.4720290634489424,-0.23394254663216946,-0.314739313565483,-0.5015620156764883,-0.48903718977841476,1.9937713956493237,-0.4968730149821545,-0.5109149126021805,1
1.1335981599501639,-0.3853567214427878,0.6099725506853264,-0.5298096970953858,-1.2181797429315677,0.9222211187635337,1.2800478223256477,1.4696657614608577,-1.3005499020979872,-1.2665719150740002,-0.5015620156764883,-0.48903718977841476,-0.5015620156764883,-0.4968730149821545,1.9572730709832327,1
1.0443108634907332,-0.5737739835219873,-1.3374484840761631,-0.5298096970953858,-0.18640695106406252,-1.4348935617822394,1.2800478223256477,0.18159396440426223,0.8326648088336482,0.0025382202706893814,-0.5015620156764883,-0.48903718977841476,1.9937713956493237,-0.4968730149821545,-0.5109149126021805,1
1.6995669700134446,0.029660357956324417,1.3002187155014342,-0.5298096970953858,-1.5621040068874026,-0.8456148916457962,1.2800478223256477,-0.2260454948457086,-1.3005499020979872,-1.2665719150740002,-0.5015620156764883,2.044834259850677,-0.5015620156764883,-0.4968730149821545,-0.5109149126021805,1
-0.2494785322919666,0.7409944560732569,-1.1708728859481596,0.5536457161876118,1.5332143687151127,0.33294244862709044,1.2800478223256477,-0.16235900026208605,-0.23394254663216946,-0.314739313565483,-0.5015620156764883,2.044834259850677,-0.5015620156764883,-0.4968730149821545,-0.5109149126021805,1
-0.8665662267318602,-0.03442573882580889,0.6037524021564057,-0.5298096970953858,1.5332143687151127,0.33294244862709044,-0.7812208126592922,-1.507436927025298,-1.3005499020979872,1.5889258894515514,-0.5015620156764883,-0.48903718977841476,-0.5015620156764883,2.0125866566448884,-0.5109149126021805,1
-0.7517755244937125,-1.005006704969496,1.5284224949468674,-0.5298096970953858,-0.5303312150198976,0.9222211187635337,-0.7812208126592922,0.5351317041132188,-1.6560856872532597,-1.2665719150740002,-0.5015620156764883,2.044834259850677,-0.5015620156764883,-0.4968730149821545,-0.5109149126021805,1
-1.3095088209404597,-0.5372210143575535,-0.36635006706485274,-0.5298096970953858,-1.5621040068874026,0.9222211187635337,1.2800478223256477,1.6337062582855022,0.8326648088336482,1.271648355615379,-0.5015620156764883,-0.48903718977841476,1.9937713956493237,-0.4968730149821545,-0.5109149126021805,1
-1.355566591258433,1.1894374525011726,0.6542796657020995,-0.5298096970953858,-1.5621040068874026,-1.4348935617822394,-0.7812208126592922,-1.1270632074763305,0.4771290236783756,-0.314739313565483,-0.5015620156764883,-0.48903718977841476,-0.5015620156764883,-0.4968730149821545,1.9572730709832327,0
0.5044703039541543,-1.1641521012413487,0.5313565020265433,-0.5298096970953858,1.1892901047592777,0.9222211187635337,-0.7812208126592922,-0.7349599532149995,0.4771290236783756,0.6370932879430342,-0.5015620156764883,-0.48903718977841476,1.9937713956493237,-0.4968730149821545,-0.5109149126021805,1
-1.4861858621950907,-0.9975975890450167,-0.046494162665073537,-0.5298096970953858,-0.18640695106406252,1.511499788899977,1.2800478223256477,0.21258809609841645,0.12159323852310308,-1.5838494489101727,-0.5015620156764883,-0.48903718977841476,-0.5015620156764883,2.0125866566448884,-0.5109149126021805,0
-0.459890053463311,0.16554452470240028,-0.8425962837187811,-0.5298096970953858,0.1575173128917725,-1.4348935617822394,1.2800478223256477,0.6862230000568037,-0.23394254663216946,1.5889258894515514,-0.5015620156764883,2.044834259850677,-0.5015620156764883,-0.4968730149821545,-0.5109149126021805,1
0.7600318944885265,0.6391676349415382,0.7719208868391435,-0.5298096970953858,-1.2181797429315677,1.511499788899977,1.2800478223256477,-0.36512843727973165,-0.23394254663216946,1.5889258894515514,-0.5015620156764883,-0.48903718977841476,-0.5015620156764883,-0.4968730149821545,1.9572730709832327,1
-0.7005157254645512,1.6098850253129142,-0.36921632106426505,-0.5298096970953858,1.5332143687151127,0.33294244862709044,-0.7812208126592922,-0.8944052257853418,0.8326648088336482,-0.314739313565483,-0.5015620156764883,-0.48903718977841476,1.9937713956493237,-0.4968730149821545,-0.5109149126021805,1
1.3898866395754415,1.536188241479987,0.009641203421107662,-0.5298096970953858,-0.18640695106406252,0.9222211187635337,-0.7812208126592922,0.5505099310536171,-1.3005499020979872,0.6370932879430342,-0.5015620156764883,-0.48903718977841476,1.9937713956493237,-0.4968730149821545,-0.5109149126021805,1
1.3127861261259903,-0.5958538233457777,-0.6406785222302989,-0.5298096970953858,-0.18640695106406252,0.9222211187635337,-0.7812208126592922,-0.5662440720776826,0.8326648088336482,-0.9492943812378278,-0.5015620156764883,-0.48903718977841476,-0.5015620156764883,-0.4968730149821545,1.9572730709832327,0
0.41643829600773896,0.6519672285395904,1.586722807266359,-0.5298096970953858,-1.2181797429315677,0.9222211187635337,-0.7812208126592922,-0.5509610471669081,1.1882005939889206,0.9543708217792066,1.9937713956493237,-0.48903718977841476,-0.5015620156764883,-0.4968730149821545,-0.5109149126021805,1
0.14497995489790055,1.571014059558737,0.06502047341624255,-0.5298096970953858,-1.5621040068874026,0.9222211187635337,1.2800478223256477,1.6674358331689263,0.8326648088336482,-0.314739313565483,-0.5015620156764883,-0.48903718977841476,-0.5015620156764883,-0.4968730149821545,1.9572730709832327,1
-0.9984575396189838,-0.9361937825242451,0.05844560715428624,-0.5298096970953858,-0.5303312150198976,1.511499788899977,-0.7812208126592922,0.1939374412384445,-0.9450141169427145,1.271648355615379,1.9937713956493237,-0.48903718977841476,-0.5015620156764883,-0.4968730149821545,-0.5109149126021805,1
-0.2735480205082603,-0.37931057164301696,1.2211302424169042,0.5536457161876118,0.8453658408034426,1.511499788899977,-0.7812208126592922,1.7897840525700748,-0.589478331787442,0.9543708217792066,1.9937713956493237,-0.48903718977841476,-0.5015620156764883,-0.4968730149821545,-0.5109149126021805,1
1.0928567030768312,0.6436178595809355,-1.3705384563567922,-0.5298096970953858,0.1575173128917725,-1.4348935617822394,-0.7812208126592922,-0.3794429990863936,0.8326648088336482,0.0025382202706893814,1.9937713956493237,-0.48903718977841476,-0.5015620156764883,-0.4968730149821545,-0.5109149126021805,0
0.9769849500583352,0.9225676986021428,1.2541427932532565,0.5536457161876118,-0.5303312150198976,-1.4348935617822394,1.2800478223256477,0.07951657785687492,-0.23394254663216946,0.0025382202706893814,-0.5015620156764883,2.044834259850677,-0.5015620156764883,-0.4968730149821545,-0.5109149126021805,1
0.7216400261363147,-1.6334665468604601,-0.38868374712564985,-0.5298096970953858,0.5014415768476076,-1.4348935617822394,-0.7812208126592922,1.0256262868296027,-0.23394254663216946,-0.6320168474016554,-0.5015620156764883,-0.48903718977841476,-0.5015620156764883,-0.4968730149821545,1.9572730709832327,0
-0.6024172580133582,1.2901100071933684,-1.1855997654260293,1.6371011294706097,-0.18640695106406252,-0.8456148916457962,-0.7812208126592922,0.06780509313471045,-0.23394254663216946,-0.6320168474016554,1.9937713956493237,-0.48903718977841476,-0.5015620156764883,-0.4968730149821545,-0.5109149126021805,0
